id,status,reason,n_lig,n_poc,mw
1a4r,ok,,28,275,442.0403139720001
1a4w,ok,,43,235,613.250494728
1a69,skip,rdkit_parse_failed,0,0,0.0
1a94,ok,,61,328,846.51959917609
1a99,ok,,6,417,90.11460128818001
1a9m,ok,,43,341,596.4009813840001
1a9q,skip,rdkit_parse_failed,0,0,0.0
1aaq,ok,,41,328,578.35482529609
1add,ok,,19,376,266.101504928
1adl,ok,,22,335,304.240230264
10gs,ok,,33,235,474.16933303608994
184l,ok,,10,419,134.109550448
185l,skip,rdkit_parse_failed,0,0,0.0
186l,ok,,10,431,134.109550448
187l,ok,,8,436,106.07825032
188l,ok,,8,429,106.07825032
1a1e,ok,,38,179,555.234566426
1a28,ok,,23,404,314.2245802
1a30,ok,,26,319,376.17144121209
1a4k,ok,,31,256,429.153600076
1ajq,ok,,9,382,142.008850432
1ajv,ok,,41,357,574.213757808
1ajx,ok,,40,341,538.2467721879999
1alw,ok,,12,280,182.04015056
1amk,ok,,9,367,155.98237451
1amw,ok,,27,283,427.02941494000015
1apv,ok,,36,272,522.3228915679999
1atl,ok,,23,256,339.15042927999997
1atr,ok,,27,326,427.02941494000015
1avn,skip,rdkit_parse_failed,0,0,0.0
1ado,ok,,10,318,169.998024574
1afk,ok,,31,203,506.99574546200006
1afl,ok,,31,205,506.99574546200006
1ai4,ok,,12,344,168.042258736
1ai5,ok,,13,349,181.037507704
1ai7,ok,,7,401,94.041864812
1aid,ok,,29,228,452.12793883609004
1aj7,ok,,20,354,303.05078841799997
1ajn,ok,,13,345,181.037507704
1ajp,ok,,12,350,168.042258736
1ax0,ok,,15,249,221.0899372
1azm,ok,,13,354,221.988132052
1b05,ok,,25,337,380.23150482827
1b0h,ok,,34,333,474.30638402026995
1b1h,ok,,31,338,438.30638402026995
1b2h,ok,,27,337,392.3089094403599
1b32,ok,,27,340,408.2628049562699
1b38,ok,,31,337,506.99574546200006
1b3f,skip,rdkit_parse_failed,0,0,0.0
1b3g,ok,,27,337,390.30638402026995
1b3h,ok,,30,336,430.33768414826994
1b3l,ok,,23,336,334.24378376426995
1b40,ok,,30,344,424.29073395626995
1b46,ok,,26,338,374.27508389226995
1b4h,ok,,26,335,378.29325937635997
1b4z,ok,,27,342,392.24926306826995
1b51,ok,,25,339,364.25434844827
1b52,ok,,26,323,378.26999851227
1b55,ok,,28,271,499.9287101919998
1b57,ok,,10,388,170.993273542
1b8o,skip,rdkit_parse_failed,0,0,0.0
1b8y,ok,,26,324,374.13002818399997
1b9j,ok,,27,335,390.30638402026995
1bai,ok,,61,333,846.51959917609
1bcd,ok,,8,405,148.975833964
1bcu,ok,,16,264,209.095297352
1bdq,skip,rdkit_parse_failed,0,0,0.0
1bgq,ok,,25,320,364.0713659439999
1bhf,ok,,45,194,636.26427272
1bhx,ok,,32,257,468.1613453760001
1b58,ok,,31,328,440.28564857627
1b5h,ok,,25,340,364.27760931235997
1b5i,ok,,27,338,391.26524748027
1b5j,ok,,28,340,405.28089754427
1b6h,ok,,26,335,376.29073395626995
1b6j,ok,,49,326,688.40283810809
1b6k,ok,,49,318,680.4017754880899
1b6l,ok,,39,344,546.32861054809
1b7h,ok,,27,338,390.30638402026995
1b8n,skip,rdkit_parse_failed,0,0,0.0
1bju,ok,,21,258,288.077788716
1bjv,ok,,27,216,346.14297581600005
1bm7,ok,,20,366,281.06636322
1bma,ok,,37,226,521.27340209209
1bn1,ok,,21,308,346.011569928
1bn3,ok,,23,306,371.990834484
1bn4,ok,,22,301,362.00648454799995
1bnn,ok,,23,309,374.0064845479999
1bnq,ok,,22,310,370.05596016008997
1bnt,ok,,24,297,390.001399168
1bwb,skip,rdkit_parse_failed,0,0,0.0
1bxo,ok,,44,267,638.3080657139999
1bxq,ok,,43,272,626.3080657139999
1bxr,ok,,31,371,506.0117298740001
1bzc,ok,,29,230,430.07414395399996
1bzj,ok,,20,297,302.0155664580001
1bzy,skip,rdkit_parse_failed,0,0,0.0
1c1r,skip,rdkit_parse_failed,0,0,0.0
1c1u,skip,rdkit_parse_failed,0,0,0.0
1c1v,skip,rdkit_parse_failed,0,0,0.0
1c3x,skip,rdkit_parse_failed,0,0,0.0
1c4u,ok,,37,242,580.110351128
1c5c,ok,,22,341,344.997693692
1c5n,ok,,14,306,301.93746722400005
1c5o,ok,,10,330,120.06874825599999
1c5p,ok,,10,323,120.06874825599999
1c5q,ok,,14,295,301.93746722400005
1c5s,ok,,13,303,176.040819256
1c5t,ok,,13,300,177.036068224
1c5x,ok,,14,335,301.93746722400005
1bnu,ok,,22,320,379.962905484
1bnv,ok,,25,305,404.0403100960899
1bnw,ok,,19,319,337.95234079999994
1bp0,ok,,20,304,308.04095200599994
1bq4,ok,,24,256,341.9859256319999
1br6,ok,,23,313,312.09708824399996
1bty,ok,,10,335,120.06874825599999
1bv7,ok,,54,326,758.2345103160001
1bv9,ok,,54,340,758.2345103160001
1bwa,ok,,54,331,758.2345103160001
1c5y,ok,,13,335,177.036068224
1c70,ok,,48,314,654.37702354018
1c83,skip,rdkit_parse_failed,0,0,0.0
1c84,ok,,19,306,259.04807238800004
1c86,ok,,18,307,271.01505800800004
1c87,ok,,18,303,271.01505800800004
1c88,ok,,18,305,271.03831887209003
1cbx,ok,,15,381,208.073558864
1ceb,ok,,11,234,158.11755517209
1cet,ok,,22,196,320.18880196409
1d3d,ok,,38,229,592.1748143641801
1d3p,ok,,39,228,545.27011594818
1d4h,ok,,45,350,610.267901556
1d4i,ok,,47,350,636.2835516199999
1d4j,ok,,47,351,662.2195073919999
1d4k,ok,,51,317,699.41161190009
1d4l,ok,,43,326,616.3294562559998
1d4p,skip,rdkit_parse_failed,0,0,0.0
1d4y,ok,,42,346,602.2062278159999
1d6v,ok,,28,323,381.194008344
1d6w,skip,rdkit_parse_failed,0,0,0.0
1d7i,ok,,6,296,124.001656876
1d7j,ok,,6,309,88.052429496
1d9i,ok,,33,247,476.19621648008984
1dar,ok,,28,236,443.0243295600001
1det,ok,,24,177,363.05799903800005
1df8,ok,,16,372,244.088163372
1dgm,ok,,19,310,267.096753896
1dhi,ok,,33,288,454.1713158039999
1dhj,ok,,33,291,454.1713158039999
1cgl,ok,,45,202,627.36210174818
1ciz,skip,rdkit_parse_failed,0,0,0.0
1cnw,ok,,26,258,389.14893194009005
1cnx,ok,,22,308,332.12746822409
1cny,ok,,33,185,479.19588213209005
1cps,ok,,16,359,240.093248752
1ctt,ok,,16,425,230.090271548
1ctu,ok,,17,433,246.085186168
1d09,ok,,16,404,255.01440291000003
1d2e,ok,,28,273,443.0243295600001
1dif,ok,,60,308,830.4290879519999
1dl7,ok,,20,229,305.08969934609
1dmp,ok,,40,356,536.2787410120001
1dqn,skip,rdkit_parse_failed,0,0,0.0
1drj,ok,,10,429,150.05282342
1drk,ok,,10,421,150.05282342
1drv,ok,,44,275,664.1295229
1dud,ok,,24,250,388.00728252799985
1duv,ok,,17,408,291.05226828209004
1dy4,ok,,19,342,258.14885530009
1dzk,ok,,12,406,166.110613068
1e1v,skip,rdkit_parse_failed,0,0,0.0
1e1x,ok,,18,360,251.138224784
1e2k,ok,,18,393,252.111006992
1e2l,ok,,18,377,252.111006992
1e3g,ok,,21,411,284.177630008
1e3v,ok,,28,270,392.29265975999994
1e4h,ok,,12,360,483.5944251520001
1e5j,ok,,46,192,712.1918211880001
1e66,ok,,21,348,298.123676288
1e6q,skip,rdkit_parse_failed,0,0,0.0
1e6s,ok,,13,377,192.074621484
1eb2,ok,,36,210,468.216140756
1ebw,ok,,46,326,644.378514624
1eby,ok,,48,336,652.27846624
1ebz,ok,,46,341,633.3050153359999
1ec0,ok,,50,351,688.259622616
1ec1,ok,,54,338,778.3070065600001
1ec2,ok,,56,327,768.3846626239999
1ec3,ok,,56,325,768.3846626239999
1ec9,ok,,13,400,195.037901628
1ecq,ok,,13,403,194.04265266
1ecv,ok,,16,317,334.929070292
1efy,skip,rdkit_parse_failed,0,0,0.0
1egh,ok,,9,390,155.98237451
1ejn,ok,,26,272,341.22156048400007
1ela,ok,,32,236,457.24210196409
1elb,ok,,33,224,473.27340209209
1elc,ok,,36,234,507.25775202809
1eld,ok,,33,244,475.133060788
1ele,ok,,29,239,427.133060788
1elr,ok,,45,202,663.2421573720001
1enu,ok,,13,346,177.053826464
1eoc,ok,,11,374,155.02185764
1epo,ok,,46,259,653.360005348
1erb,ok,,24,355,327.256214676
1ew8,ok,,8,319,139.98745989
1ew9,ok,,6,287,127.96970165
1ex8,ok,,48,265,762.0114857639998
1ez9,ok,,45,174,668.237508428
1ezq,ok,,35,245,459.23906727209004
1f0r,ok,,31,231,453.092931468
1f0s,skip,rdkit_parse_failed,0,0,0.0
1f0t,ok,,31,225,445.087846088
1f0u,ok,,35,217,459.23906727209004
1f3e,ok,,14,342,192.064725496
1f4e,ok,,18,285,269.07217896000003
1f4f,ok,,29,292,428.0889512199999
1f4g,ok,,34,293,499.12606499999987
1f4x,ok,,20,238,293.14745207600004
1fch,ok,,45,238,639.3580789881801
1fcx,ok,,29,396,388.20384475599997
1fcy,ok,,29,391,386.18819469199997
1fcz,ok,,27,398,362.1881946919999
1fd0,ok,,30,397,401.199093724
1fh7,ok,,18,282,266.12342840009
1fh8,ok,,17,276,250.12851378009
1fh9,ok,,20,291,294.10631553599995
1fhd,ok,,21,289,302.111400916
1fiv,ok,,61,322,838.4265274359999
1fjs,ok,,39,238,526.1776243080001
1fkb,ok,,65,144,913.555141588
1fkf,ok,,57,183,803.4819766480003
1fkg,ok,,33,233,449.2566086
1fkh,ok,,33,238,455.303558792
1fki,ok,,31,236,437.27773796799994
1fkn,ok,,63,236,893.4614751800901
1fkw,ok,,18,370,252.085854864
1fl3,ok,,23,391,309.13649346799997
1flr,ok,,25,294,332.0684734839999
1fm9,ok,,41,340,546.21547206
1fo0,ok,,70,299,983.48327324409
1fpc,ok,,36,223,502.27261007600015
1fq5,ok,,62,234,839.4621846719999
1ft7,ok,,10,328,168.07840639008998
1ftm,ok,,13,421,187.07133325209
1fv0,ok,,26,284,357.04846631199996
1fzj,ok,,69,225,955.4995920040901
1fzk,ok,,68,220,949.47779394009
1fzm,ok,,69,231,955.4995920040901
1f57,ok,,7,341,122.02702591609
1f5k,ok,,10,349,120.06874825599999
1f5l,ok,,16,335,228.04006052399998
1f73,ok,,21,326,311.121631252
1f74,ok,,20,316,293.111066568
1f8b,ok,,20,304,291.095416504
1f8c,ok,,20,304,291.11867736809
1f8d,ok,,20,303,291.11867736809
1f8e,ok,,20,304,291.14193823218
1fao,ok,,28,223,499.9287101919998
1ghv,skip,rdkit_parse_failed,0,0,0.0
1ghw,skip,rdkit_parse_failed,0,0,0.0
1ghy,skip,rdkit_parse_failed,0,0,0.0
1ghz,skip,rdkit_parse_failed,0,0,0.0
1gi1,skip,rdkit_parse_failed,0,0,0.0
1gi4,skip,rdkit_parse_failed,0,0,0.0
1gi7,skip,rdkit_parse_failed,0,0,0.0
1gj6,skip,rdkit_parse_failed,0,0,0.0
1gjc,skip,rdkit_parse_failed,0,0,0.0
1gnm,ok,,43,325,596.4009813840001
1fzo,ok,,68,231,949.47779394009
1fzq,ok,,28,232,443.0243295600001
1g1d,ok,,21,303,308.063091496
1g2k,ok,,45,340,631.2352215239999
1g2l,ok,,40,229,525.248837852
1g2o,skip,rdkit_parse_failed,0,0,0.0
1g30,ok,,40,231,525.248837852
1g32,ok,,33,257,423.21714380000003
1g35,ok,,47,335,662.2298017960001
1g36,ok,,33,217,423.21714380000003
1g3d,ok,,18,269,235.095691276
1g3e,ok,,18,269,235.095691276
1g45,ok,,21,298,308.063091496
1g46,ok,,22,292,326.053669684
1g48,ok,,22,297,326.053669684
1g4o,ok,,20,291,290.072513308
1g52,ok,,22,293,326.053669684
1g53,ok,,22,302,326.053669684
1g54,ok,,25,279,380.02540424800003
1g74,ok,,20,367,282.255880328
1gnn,ok,,43,322,596.4009813840001
1gno,ok,,43,332,596.4009813840001
1gpk,ok,,18,377,243.14918964809
1gpn,ok,,19,368,257.16483971209
1grp,ok,,13,330,192.027002596
1gvw,skip,rdkit_parse_failed,0,0,0.0
1gvx,ok,,66,231,912.4694203281799
1gwv,ok,,23,217,342.11621152399994
1gx8,ok,,21,338,286.22966558
1gyx,ok,,9,311,122.036779432
1g7f,ok,,39,174,543.221679636
1g7g,ok,,43,177,599.2478943840001
1g7q,ok,,58,235,814.4053572720899
1g7v,ok,,25,243,414.0560894440899
1g85,ok,,9,407,130.135765196
1g98,ok,,15,360,246.01406856199998
1gaf,ok,,20,323,303.05078841799997
1gai,ok,,44,248,648.27094005209
1gar,ok,,48,237,715.2036772860002
1gfy,ok,,18,306,286.992214388
1h6h,ok,,35,135,554.1165582039998
1hbv,ok,,42,339,587.40357263618
1hdq,ok,,16,314,224.079706864
1hee,ok,,16,361,224.079706864
1hfs,ok,,52,301,705.357799856
1hi3,ok,,27,199,427.02941494000015
1hi4,ok,,27,232,427.02941494000015
1hi5,ok,,27,233,427.02941494000015
1hih,ok,,41,317,574.3962961840899
1hii,ok,,41,333,574.3962961840899
1gyy,ok,,13,302,182.037922304
1h0a,ok,,24,213,419.9623796699999
1h1s,skip,rdkit_parse_failed,0,0,0.0
1h22,ok,,34,313,468.34532948818
1h23,ok,,36,311,496.37662961617997
1h2k,ok,,10,416,147.01677226
1h2t,ok,,52,220,804.1030640419999
1h46,ok,,19,304,257.141578848
1h4w,ok,,10,341,120.06874825599999
1h5v,ok,,57,200,906.1989573680003
1hk4,ok,,24,298,777.6939762840899
1hlk,ok,,23,251,322.06886740799996
1hmr,ok,,20,355,284.271530392
1hms,ok,,20,351,282.255880328
1hmt,ok,,20,361,284.271530392
1hn4,ok,,32,326,492.28276041799995
1hos,ok,,55,309,770.3444512220001
1hp5,ok,,14,352,219.056528896
1hpo,ok,,36,338,504.17189299599994
1hps,skip,rdkit_parse_failed,0,0,0.0
1hpv,ok,,35,347,505.2246568399999
1hpx,ok,,46,317,667.2498260320002
1hsh,ok,,45,314,615.3773578881799
1hsl,skip,rdkit_parse_failed,0,0,0.0
1hvh,ok,,44,334,592.30495576
1hvi,ok,,58,306,794.447931576
1hvj,ok,,57,310,778.453016956
1hvk,ok,,58,323,794.447931576
1hvl,ok,,58,312,794.447931576
1hvr,ok,,46,344,606.2882430760001
1hvs,ok,,58,308,794.447931576
1hwr,ok,,30,351,406.22564281999996
1hxb,ok,,49,320,671.3915451520899
1hxw,ok,,50,327,720.312760636
1hyo,ok,,11,402,180.018760018
1i1e,ok,,39,206,546.1969872640899
1i2s,ok,,13,300,192.02700259600002
1i37,ok,,21,405,288.208930136
1i5r,ok,,49,330,677.3788489719997
1i7z,ok,,22,333,304.15433460409
1i9n,ok,,22,293,326.053669684
1i9p,ok,,23,300,344.044247872
1ie9,ok,,30,369,416.32904526799996
1if7,ok,,26,263,371.13036253200005
1if8,ok,,26,246,371.13036253200005
1igb,ok,,14,313,306.99380204409
1igj,ok,,37,235,520.3036183679999
1ii5,ok,,10,394,148.06043422009
1iih,ok,,11,374,185.992939194
1iiq,ok,,51,333,703.3813743920899
1ik4,ok,,10,398,170.993273542
1ikt,ok,,25,361,352.26135963199994
1ivp,skip,rdkit_parse_failed,0,0,0.0
1iy7,ok,,16,373,244.051777864
1izh,ok,,50,338,687.363198908
1izi,ok,,50,327,687.363198908
1j01,ok,,18,280,263.10050188400004
1j14,ok,,10,341,120.06874825599999
1j16,ok,,10,328,120.06874825599999
1j17,ok,,34,219,498.14923940399996
1j36,ok,,29,283,405.22527393218
1j37,ok,,14,300,217.07726434
1j4r,ok,,45,216,624.3010935039999
1jak,ok,,14,351,205.11828344409
1jao,ok,,22,281,323.13036253200005
1jaq,ok,,21,267,302.159019804
1jcx,ok,,25,349,414.0560894440899
1jet,ok,,24,344,348.25943382826995
1jeu,ok,,28,325,406.26491313226995
1jev,skip,rdkit_parse_failed,0,0,0.0
1jgl,ok,,20,327,272.177630008
1jlr,ok,,32,271,522.9906600820001
1jmf,ok,,20,327,308.04095200599994
1jmg,ok,,20,319,308.04095200599994
1jn4,ok,,42,240,637.0934717399999
1jq8,ok,,40,297,566.3184397880899
1jqy,ok,,33,243,472.19257058009
1jsv,ok,,18,334,265.063345592
1jvu,ok,,22,268,323.051851038
1jyq,ok,,53,187,781.1761387440001
1jys,skip,rdkit_parse_failed,0,0,0.0
1jzs,ok,,35,219,500.2985329879998
1k1i,ok,,37,194,508.178040996
1k1j,ok,,38,213,522.19369106
1k1l,ok,,34,212,466.19073717608995
1k1m,ok,,37,206,507.19402540799996
1k1n,ok,,43,185,601.257019588
1k1o,ok,,32,221,439.30273014809
1k1y,ok,,44,254,646.25528998809
1k21,ok,,32,249,439.30273014809
1k22,ok,,32,265,430.24488092409007
1k27,skip,rdkit_parse_failed,0,0,0.0
1k4g,skip,rdkit_parse_failed,0,0,0.0
1k4h,ok,,18,334,264.104482132
1k6c,ok,,45,318,615.3773578881799
1k6p,ok,,48,319,658.37193816018
1k6t,ok,,46,310,629.3930079521798
1k6v,ok,,49,320,672.3875882241799
1k9s,ok,,20,375,281.11240396
1kav,ok,,30,174,466.03582437199987
1kui,skip,rdkit_parse_failed,0,0,0.0
1kuk,skip,rdkit_parse_failed,0,0,0.0
1kv1,ok,,21,328,306.124738908
1kv5,ok,,9,381,155.98237451
1kyv,ok,,27,307,376.1382843599999
1kzk,ok,,41,338,575.245392284
1kzn,skip,rdkit_parse_failed,0,0,0.0
1l83,ok,,6,446,78.046950192
1l8g,ok,,31,265,466.014072028
1laf,ok,,13,388,175.11895214009
1kc7,ok,,10,325,167.98237451
1kdk,ok,,21,417,290.2245802
1kel,ok,,23,287,347.10026403009
1kjr,ok,,40,192,588.157837216
1km3,ok,,21,323,325.0311155939999
1kmy,ok,,14,363,186.06807956
1koj,ok,,16,360,259.00931753000003
1kpm,ok,,31,301,426.349780712
1ksn,ok,,34,248,446.19540531200005
1kug,skip,rdkit_parse_failed,0,0,0.0
1lhu,ok,,20,421,272.177630008
1li2,ok,,7,448,94.041864812
1li3,ok,,8,436,128.00289246
1li6,skip,rdkit_parse_failed,0,0,0.0
1lke,ok,,28,337,390.24062418799997
1lkk,ok,,46,191,674.220038558
1lkl,ok,,42,196,618.157438302
1lnm,ok,,27,336,374.24570956799994
1loq,ok,,21,332,324.03586662600003
1lpg,ok,,42,223,546.2863518120901
1lag,skip,rdkit_parse_failed,0,0,0.0
1lah,ok,,9,390,134.10443052818
1lan,ok,,9,322,132.10190510809
1lbf,ok,,23,372,351.0719177859999
1lbk,ok,,20,264,308.09108271608994
1lcp,ok,,10,318,168.07840639008998
1lee,ok,,39,258,531.3097067919999
1lf2,ok,,39,256,531.3097067919999
1lgt,ok,,15,361,220.029107208
1lgw,ok,,8,451,111.048427412
1lpk,ok,,34,262,425.1851749760001
1lpz,ok,,33,261,464.11706668400006
1lrh,ok,,14,369,186.06807956
1lst,ok,,10,383,148.12008059218
1lvu,ok,,20,337,302.08923959
1lyb,ok,,48,257,685.4625785960002
1lyx,ok,,9,364,155.98237451
1lzq,ok,,50,317,688.3704753600899
1m0b,ok,,50,331,688.3704753600899
1m0n,ok,,25,364,394.0694888599999
1m7d,ok,,35,246,511.2264902439999
1m7i,ok,,56,225,819.3372224640002
1m7y,ok,,26,357,393.1290041981799
1m83,ok,,31,360,506.99574546200006
1mai,ok,,24,206,419.9623796699999
1mes,ok,,42,331,566.278072316
1met,ok,,42,325,566.278072316
1mfa,ok,,33,166,486.1948557679998
1mfd,ok,,33,179,486.1948557679998
1mfi,ok,,13,371,182.037922304
1m0o,ok,,24,362,382.06948885999986
1m0q,ok,,22,386,354.0381887319999
1m1b,ok,,10,405,167.97285884800002
1m2p,ok,,21,353,285.027336944
1m2q,ok,,20,372,273.027336944
1m2r,ok,,20,367,270.0640568
1m2x,ok,,14,230,217.07726434
1m48,ok,,34,211,446.23179082
1m4h,ok,,66,259,936.49244096009
1m5w,ok,,13,380,214.02423932200003
1mh5,ok,,33,307,476.17123789799996
1mjj,ok,,33,283,476.17123789799996
1mmq,ok,,33,196,456.273655632
1mmr,ok,,33,205,473.28244648800006
1moq,ok,,16,379,260.05297949009
1mq5,ok,,34,233,538.0752829201801
1mq6,ok,,36,234,567.0301581599999
1mrn,ok,,55,269,891.0081133699999
1mrs,ok,,22,373,338.05151668999997
1mrw,ok,,37,361,527.2453922839999
1mrx,ok,,37,348,527.2453922839999
1msm,ok,,41,352,575.2453922839999
1msn,ok,,41,344,575.2453922839999
1mtr,ok,,43,330,597.3646617080899
1mu6,ok,,31,256,432.15215850800007
1mu8,ok,,32,260,446.16780857200007
1mue,ok,,32,248,467.09720174399996
1my4,ok,,15,392,325.96323018809
1n0s,ok,,25,317,332.0684734839999
1n1m,ok,,12,323,171.14918964809
1n3i,skip,rdkit_parse_failed,0,0,0.0
1n46,ok,,27,417,367.153206152
1n4h,ok,,22,366,300.208930136
1n4k,ok,,24,210,419.9623796699999
1n51,ok,,33,282,460.25544560809
1n5r,skip,rdkit_parse_failed,0,0,0.0
1nc1,ok,,20,404,296.094311372
1nc3,skip,rdkit_parse_failed,0,0,0.0
1ndv,skip,rdkit_parse_failed,0,0,0.0
1ndw,ok,,19,322,259.132076784
1ndy,ok,,23,322,309.147726848
1ndz,ok,,37,301,499.23318778800007
1nf8,ok,,16,404,226.04773804
1nfu,ok,,31,252,462.05871014799993
1nfw,skip,rdkit_parse_failed,0,0,0.0
1nfx,ok,,33,246,504.06927483199996
1nfy,ok,,31,254,462.05871014799993
1nh0,ok,,53,335,733.295907196
1nhu,ok,,33,215,495.061583456
1nhz,ok,,32,339,429.26677936
1o2o,skip,rdkit_parse_failed,0,0,0.0
1o2q,skip,rdkit_parse_failed,0,0,0.0
1o2r,skip,rdkit_parse_failed,0,0,0.0
1o2w,skip,rdkit_parse_failed,0,0,0.0
1o2z,skip,rdkit_parse_failed,0,0,0.0
1o30,skip,rdkit_parse_failed,0,0,0.0
1o33,skip,rdkit_parse_failed,0,0,0.0
1o35,skip,rdkit_parse_failed,0,0,0.0
1o36,skip,rdkit_parse_failed,0,0,0.0
1o38,skip,rdkit_parse_failed,0,0,0.0
1o3d,skip,rdkit_parse_failed,0,0,0.0
1o3f,skip,rdkit_parse_failed,0,0,0.0
1o3i,skip,rdkit_parse_failed,0,0,0.0
1o3j,skip,rdkit_parse_failed,0,0,0.0
1o3l,skip,rdkit_parse_failed,0,0,0.0
1o5a,skip,rdkit_parse_failed,0,0,0.0
1o5c,skip,rdkit_parse_failed,0,0,0.0
1o5e,skip,rdkit_parse_failed,0,0,0.0
1o5g,skip,rdkit_parse_failed,0,0,0.0
1o5r,ok,,33,311,446.206638692
1nwl,ok,,31,190,469.1453609640001
1nz7,ok,,47,232,672.2465144800001
1o0f,ok,,27,187,427.02941494000015
1o0h,ok,,27,206,427.02941494000015
1o0m,ok,,21,260,324.035866626
1o0n,ok,,21,238,324.03586662600003
1o1s,ok,,35,244,524.1365057999999
1o2h,skip,rdkit_parse_failed,0,0,0.0
1o2j,skip,rdkit_parse_failed,0,0,0.0
1o2n,skip,rdkit_parse_failed,0,0,0.0
1nja,ok,,20,343,307.0569364179999
1njc,ok,,20,319,307.0569364179999
1njd,ok,,20,325,308.04095200599994
1nje,ok,,20,327,307.0569364179999
1njs,ok,,38,253,545.173347452
1nki,ok,,7,365,125.971809826
1nl9,ok,,39,232,533.216200332
1nli,skip,rdkit_parse_failed,0,0,0.0
1nm6,ok,,36,251,510.24990488018005
1nny,ok,,53,239,719.247894384
1no6,ok,,25,276,335.07937251600003
1np0,ok,,14,290,219.056528896
1nq7,ok,,25,373,340.24023026399993
1nt1,ok,,35,251,504.213947836
1nvq,ok,,36,308,483.20268176408996
1nvr,ok,,35,308,467.20776714409004
1nvs,ok,,30,323,393.11134133999997
1nw4,skip,rdkit_parse_failed,0,0,0.0
1nw5,ok,,27,293,401.16016532009013
1nw7,ok,,26,258,385.12886519209013
1om1,ok,,22,363,292.084792244
1ony,ok,,41,234,590.2046496680001
1onz,ok,,26,274,351.074287136
1ork,ok,,37,331,516.2209168241799
1os0,ok,,35,256,495.2043351740899
1os5,ok,,35,224,495.244329664
1oss,ok,,10,331,120.06874825599999
1owe,ok,,23,272,289.1215121
1owh,ok,,25,260,319.15533764809004
1oxr,ok,,13,286,180.042258736
1o7o,ok,,25,363,404.0021971479999
1o86,ok,,29,295,407.24092399618
1oar,ok,,22,305,319.999073596
1oau,ok,,19,302,271.04404962800004
1oba,ok,,7,238,104.10699048808999
1ocq,ok,,21,289,310.14964314809
1od8,ok,,18,273,263.10050188400004
1odi,ok,,19,382,267.096753896
1odj,ok,,20,365,283.091668516
1oe8,ok,,20,280,308.09108271608994
1oyq,ok,,40,188,525.248837852
1oyt,ok,,31,272,407.1877806480901
1oz0,ok,,57,258,815.1911980179999
1p19,ok,,23,263,348.04710000600005
1p1n,ok,,15,371,214.10738441209
1p1o,ok,,13,416,190.04584677609
1p1q,ok,,13,413,187.07133325209
1p57,skip,rdkit_parse_failed,0,0,0.0
1pa9,ok,,15,331,234.97867250000002
1pb8,ok,,7,425,106.04986953609
1ogd,ok,,10,329,150.05282342
1ogg,ok,,43,238,624.2854020880001
1ogx,ok,,20,323,266.130679816
1ogz,ok,,20,330,266.130679816
1ohr,ok,,40,317,568.32035437209
1oif,ok,,10,377,148.09681972809
1okl,ok,,17,349,250.077598688
1ols,ok,,26,356,425.0444196280899
1olu,ok,,26,326,425.0444196280899
1olx,ok,,26,349,425.0444196280899
1pxn,ok,,22,367,313.0997311
1pxo,ok,,23,365,328.07424462399996
1pxp,ok,,23,358,325.13611660800007
1pyn,ok,,43,210,604.2268245919998
1pz5,skip,rdkit_parse_failed,0,0,0.0
1pzi,ok,,23,249,331.090331124
1pzp,skip,rdkit_parse_failed,0,0,0.0
1q1g,skip,rdkit_parse_failed,0,0,0.0
1q54,ok,,16,361,341.92690273600005
1q5k,ok,,21,296,308.05792586399997
1pb9,ok,,7,424,103.05020388409
1pbq,ok,,16,310,256.96464838
1pdz,ok,,9,320,155.98237451
1pfu,ok,,10,307,186.03482732609
1pgp,ok,,17,327,276.024633246
1phw,ok,,13,362,214.02423932200003
1pkx,ok,,24,356,364.04201462599997
1pme,skip,rdkit_parse_failed,0,0,0.0
1pot,ok,,10,432,148.17972696427
1ppc,ok,,38,204,521.2096754720001
1q65,ok,,20,322,294.13830768008995
1q72,ok,,22,271,304.15433460409
1q7a,ok,,24,256,324.1473924999999
1q84,skip,rdkit_parse_failed,0,0,0.0
1q8t,ok,,18,352,248.17573874408998
1q8u,ok,,22,350,320.14272436409
1q8w,ok,,20,342,292.11142423609
1q91,ok,,28,286,410.08790219799994
1qan,ok,,26,350,385.12886519209013
1qaw,skip,rdkit_parse_failed,0,0,0.0
1qb1,ok,,42,172,564.193274372
1qb6,ok,,31,208,397.1350312240001
1qb9,ok,,39,212,489.2528606120001
1qbn,skip,rdkit_parse_failed,0,0,0.0
1qbo,ok,,36,212,454.24810958000006
1qbq,ok,,20,276,302.16469597400004
1qbr,ok,,54,340,758.2345103160002
1qbs,ok,,42,333,566.278072316
1qbt,skip,rdkit_parse_failed,0,0,0.0
1qbu,ok,,43,348,596.245726632
1pph,ok,,31,217,428.1882117560001
1ppi,ok,,55,261,808.3081134080902
1ppk,ok,,35,260,519.307337442
1ppl,ok,,42,263,611.3335521900002
1ppm,ok,,42,256,605.2502164900001
1pr5,ok,,19,326,266.101504928
1pro,ok,,43,346,584.2755123560901
1ps3,ok,,16,311,232.069536104
1pvn,ok,,22,399,339.04676565799997
1px4,ok,,15,315,238.087494676
1qbv,ok,,28,260,382.22375155609006
1qf0,ok,,35,276,492.17189299599994
1qf1,ok,,26,294,380.17697837599997
1qf2,ok,,29,252,412.14567824799997
1qft,skip,rdkit_parse_failed,0,0,0.0
1qhc,ok,,50,221,797.0261327840002
1qin,ok,,31,336,569.01975908409
1qji,ok,,52,230,742.3575413260901
1qk3,ok,,24,275,363.05799903800005
1qk4,ok,,23,305,348.04710000600005
1qka,ok,,31,340,433.32343105227
1qkb,ok,,26,339,376.29073395626995
1qkt,ok,,20,379,272.177630008
1ql7,ok,,34,223,498.14923940399996
1ql9,ok,,34,216,498.14923940399996
1qxk,ok,,37,239,518.1900451599998
1qxl,ok,,35,304,473.242689852
1qy1,ok,,12,419,166.110613068
1qy2,ok,,11,417,152.094963004
1qyg,ok,,21,303,290.13868454008997
1r0p,ok,,35,327,467.148120772
1r1h,ok,,29,337,419.17303504609
1r1j,ok,,28,295,400.14567824799997
1r5y,ok,,13,348,176.069810876
1r9l,ok,,8,398,118.08625504409
1rbp,ok,,21,384,286.22966558
1rd4,ok,,34,296,478.1674763119999
1rjk,ok,,30,380,416.32904526799996
1rmz,ok,,21,260,316.10929274
1rnm,ok,,22,226,323.05185103800005
1rnt,ok,,24,232,363.05799903800005
1ro6,ok,,20,321,275.152143532
1rp7,ok,,27,349,440.03205779599983
1rpf,ok,,22,266,323.05185103800005
1rpj,ok,,12,435,180.063388104
1rql,ok,,6,441,107.988114988
1rr6,skip,rdkit_parse_failed,0,0,0.0
1rtf,ok,,10,353,120.06874825599999
1s19,ok,,30,364,412.29774513999996
1s38,ok,,13,352,175.074561908
1s39,ok,,12,360,161.058911844
1s5z,ok,,26,257,389.073649102
1s89,ok,,9,397,155.98237451
1sb1,ok,,39,237,573.2443467279999
1sbg,skip,rdkit_parse_failed,0,0,0.0
1sdt,ok,,45,341,615.3773578881799
1sdu,ok,,45,338,615.3773578881799
1sdv,ok,,45,334,615.3773578881799
1sgu,ok,,45,327,615.3773578881799
1sh9,ok,,50,299,720.312760636
1siv,ok,,41,353,578.35482529609
1sl3,ok,,37,262,551.0799472040001
1sld,skip,rdkit_parse_failed,0,0,0.0
1sln,ok,,36,239,483.27143002009007
1sqa,ok,,32,251,412.1880347440901
1sqo,ok,,21,311,263.117095416
1sqt,ok,,25,295,349.13288795208996
1sr7,ok,,35,381,522.1575941039999
1srg,ok,,19,349,256.084792244
1ssq,ok,,7,349,122.02702591609
1stc,ok,,35,339,467.20776714409
1str,skip,rdkit_parse_failed,0,0,0.0
1sv3,ok,,11,305,152.047344116
1sw2,ok,,8,440,118.08625504409
1swg,ok,,16,331,244.088163372
1swr,ok,,16,369,244.088163372
1syh,ok,,17,380,240.09788234809
1syi,ok,,17,392,240.09788234809
1szd,ok,,36,256,559.0716736759997
1t31,ok,,49,203,670.22327347
1tkb,ok,,26,351,424.0491706600898
1tlp,skip,rdkit_parse_failed,0,0,0.0
1tmn,skip,rdkit_parse_failed,0,0,0.0
1tng,ok,,8,318,114.12772593208999
1tnh,ok,,9,312,126.07135392808999
1tni,ok,,11,296,150.12772593209
1tom,ok,,28,252,388.28272923218
1tpw,ok,,10,382,170.993273542
1tq4,ok,,28,258,443.0243295600001
1trd,ok,,10,345,170.993273542
1t32,ok,,49,195,670.22327347
1t4v,ok,,28,256,394.17716840400004
1t5f,ok,,12,350,178.10738441209
1t7d,ok,,49,207,684.2755061
1t7j,ok,,35,334,505.2246568399999
1ta6,ok,,33,256,479.24195973209
1tcx,skip,rdkit_parse_failed,0,0,0.0
1td7,ok,,20,256,282.061612188
1thz,ok,,33,184,496.0358700919999
1tjp,ok,,18,403,279.05078841799997
1tsy,ok,,20,316,308.04095200599994
1ttm,ok,,21,307,309.06709358
1tx7,ok,,14,303,198.055814222
1txr,ok,,22,296,309.18088370008996
1u0g,ok,,12,366,202.02423932200003
1u1b,ok,,51,208,811.0417828480003
1u1w,ok,,11,443,153.042593084
1u33,ok,,36,280,530.1959183879998
1u71,ok,,24,349,325.153874848
1ua4,ok,,23,385,347.0630844180001
1ucn,ok,,27,276,427.02941494000015
1ugx,ok,,27,186,397.158410684
1uho,skip,rdkit_parse_failed,0,0,0.0
1ui0,ok,,8,408,112.027277368
1uj5,ok,,14,328,230.019153942
1uml,ok,,33,304,445.211389724
1uou,ok,,16,376,242.057053272
1upf,ok,,9,322,130.017855556
1ur9,ok,,39,293,556.2016724639999
1usi,ok,,12,406,166.08625504409
1usk,ok,,9,408,132.10190510809
1usn,ok,,27,206,427.01960766
1utj,ok,,8,318,108.08077574008999
1utl,ok,,10,284,136.11207586809
1utm,ok,,9,281,122.09642580408999
1utn,ok,,8,321,108.08077574008999
1uto,ok,,9,299,122.09642580408999
1uv6,ok,,10,385,147.11280414009
1uvt,ok,,27,259,383.13036253199994
1uw6,ok,,12,385,163.12297490009
1v2u,ok,,10,321,120.06874825599999
1v2w,ok,,31,174,432.146740868
1v48,ok,,22,339,337.0751469979999
1v7a,ok,,25,328,339.158291532
1vfn,skip,rdkit_parse_failed,0,0,0.0
1vso,ok,,21,273,323.10026403008993
1vyf,ok,,20,359,282.255880328
1vyg,ok,,22,385,304.240230264
1vzq,ok,,34,263,449.1819463200899
1w0z,ok,,30,272,427.18894002799993
1w11,ok,,33,272,461.17328996399993
1w13,ok,,34,272,476.184188996
1w3j,ok,,10,381,150.07608428409
1w3k,ok,,21,294,312.12890770409
1w3l,ok,,32,249,474.1817311240899
1w4o,ok,,21,252,324.035866626
1w4p,ok,,20,251,308.04095200599994
1w4q,ok,,21,259,326.03153019399997
1w5v,ok,,50,354,688.259622616
1w5w,ok,,52,350,724.240778992
1uwf,ok,,16,289,236.12598836
1uwt,ok,,13,374,192.074621484
1uwu,ok,,13,373,193.08189793609
1uz1,ok,,11,374,161.068807832
1uz4,ok,,11,371,161.068807832
1uz8,ok,,37,223,543.2163194839998
1v0k,ok,,18,267,266.12342840009
1v0l,ok,,17,264,250.12851378009
1v11,ok,,26,331,425.0444196280899
1v16,ok,,26,338,425.0444196280899
1v1j,ok,,13,394,192.043401608
1v1m,ok,,26,341,425.0444196280899
1v2j,ok,,10,319,120.06874825599999
1v2k,ok,,34,213,498.14923940399996
1v2l,ok,,10,324,120.06874825599999
1v2n,ok,,30,233,372.195011388
1v2o,ok,,31,181,432.146740868
1v2r,ok,,31,185,432.146740868
1v2s,ok,,10,321,120.06874825599999
1v2t,ok,,31,183,432.146740868
1w5x,ok,,52,354,724.240778992
1w5y,ok,,52,337,724.240778992
1w7g,ok,,35,252,509.2384964481802
1w96,ok,,37,247,520.3036183679998
1w9u,skip,rdkit_parse_failed,0,0,0.0
1w9v,error,canon_substruct_match_failed,0,0,674.2898134799999
1wc1,skip,rdkit_parse_failed,0,0,0.0
1wcq,ok,,20,313,294.11834302009
1wdn,ok,,10,389,147.07641863209
1wht,ok,,15,318,208.073558864
1wm1,ok,,16,359,224.13935323609
1wn6,ok,,32,316,442.22773352018015
1ws1,ok,,28,285,399.236935776
1ws4,ok,,13,232,194.079038168
1wuq,skip,rdkit_parse_failed,0,0,0.0
1wur,skip,rdkit_parse_failed,0,0,0.0
1wvj,ok,,17,395,239.10263338009
1x1z,ok,,22,411,340.030781246
1x38,ok,,20,336,276.111006992
1x39,ok,,22,321,305.13755608800005
1xh5,ok,,43,285,589.30533582018
1xh9,ok,,37,311,502.24488092408995
1xhy,ok,,15,381,216.12303447609
1xjd,ok,,35,325,467.20776714409
1xk5,ok,,54,176,831.1259905580898
1xk9,ok,,22,245,296.13935323609
1xka,ok,,30,259,388.18992600800004
1xkk,ok,,40,343,581.14200866409
1xow,ok,,21,404,284.177630008
1xpz,ok,,26,269,370.084809308
1x8d,ok,,11,386,162.05282342
1x8j,ok,,21,358,290.2245802
1x8r,ok,,25,385,406.0066138319999
1x8t,ok,,25,370,406.0066138319999
1xap,ok,,26,390,348.208930136
1xbo,ok,,31,276,425.1110665679999
1xd0,ok,,55,254,810.3237634720901
1xff,ok,,10,360,148.06043422009
1xgi,ok,,21,274,327.9823779759999
1xh4,ok,,37,322,502.24488092408995
1xq0,ok,,27,287,447.9953213760001
1xr9,ok,,64,255,902.4981950360901
1xt8,ok,,7,400,122.02702591609
1xug,skip,rdkit_parse_failed,0,0,0.0
1xws,skip,rdkit_parse_failed,0,0,0.0
1y0l,ok,,19,337,261.147726848
1y1z,ok,,8,446,116.07060498009
1y20,ok,,7,447,102.05495491609
1y3n,ok,,24,341,352.0641759519999
1y3p,ok,,48,303,704.1283519039999
1y3v,ok,,35,222,459.23906727209
1y3x,ok,,34,219,449.2547173360899
1y6q,skip,rdkit_parse_failed,0,0,0.0
1y6r,skip,rdkit_parse_failed,0,0,0.0
1yc1,skip,rdkit_parse_failed,0,0,0.0
1yc4,skip,rdkit_parse_failed,0,0,0.0
1yda,ok,,13,355,221.988132052
1ydb,ok,,13,349,221.988132052
1ydd,ok,,13,350,221.988132052
1ydk,ok,,26,240,392.18498310009
1ypj,ok,,34,252,449.2547173360899
1yq7,ok,,17,338,283.00107495200007
1yqj,ok,,35,309,458.23392231609006
1yqy,ok,,23,317,346.099870928
1yvm,skip,rdkit_parse_failed,0,0,0.0
1z1h,ok,,40,336,573.2872570959998
1z4o,ok,,16,395,260.02971862600003
1z6e,ok,,38,242,529.1718112120901
1z6s,ok,,23,213,347.0630844180001
1z71,skip,rdkit_parse_failed,0,0,0.0
1zoe,skip,rdkit_parse_failed,0,0,0.0
1zog,skip,rdkit_parse_failed,0,0,0.0
1zoh,ok,,17,339,484.73734562400006
1zp8,ok,,47,335,663.2726696519999
1zpa,ok,,51,323,720.3305188759999
1zs0,ok,,26,303,399.0905450539999
1zsf,ok,,51,327,704.36538998009
1zvx,ok,,26,303,399.0905450539999
2a14,ok,,26,374,385.12886519209013
2a4m,skip,rdkit_parse_failed,0,0,0.0
1z95,ok,,29,396,430.06104080800003
1z9g,ok,,17,295,253.07726434
1z9y,ok,,21,350,330.007720132
1zc9,ok,,16,320,249.06348459809
1zdp,ok,,17,294,253.07726434
1zea,skip,rdkit_parse_failed,0,0,0.0
1zfq,ok,,14,350,229.981984052
1zge,ok,,13,347,239.952703792
1zgi,ok,,32,252,440.20049124809003
1zhy,ok,,28,348,386.35486609199995
1ydr,ok,,20,376,292.11142423609
1yds,ok,,18,368,266.09577417209
1ydt,ok,,27,345,446.05323643209
1yei,ok,,23,353,346.05660206999994
1yej,ok,,27,323,402.11920232599994
1yet,ok,,40,257,560.27338086
1yfz,ok,,23,237,348.04710000600005
1yp9,ok,,32,237,419.20776714409004
1ype,ok,,34,255,447.2390672720899
1ypg,ok,,35,251,459.23906727209
2amt,ok,,37,264,566.0815100879997
2ans,ok,,21,355,299.061614276
2aoc,ok,,56,333,784.54033462009
2aod,ok,,56,343,784.54033462009
2aoe,ok,,60,334,833.5476110721801
2aog,ok,,55,334,770.52468455609
2aqu,ok,,51,320,705.39702445609
2arm,ok,,21,215,290.17507004809
2avm,ok,,55,340,770.52468455609
2avo,ok,,45,335,615.3773578881799
2avq,ok,,55,340,770.52468455609
2avs,ok,,45,336,615.3773578881799
2ax9,ok,,21,406,369.97760356
2ayr,ok,,37,352,518.19957054409
2azr,ok,,17,302,253.004493324
2b07,ok,,37,244,560.0745641080001
2b1g,ok,,21,373,320.04266972399995
2b1i,ok,,25,386,400.0090002459999
2b4l,ok,,8,432,118.08625504409
2b7d,skip,rdkit_parse_failed,0,0,0.0
2a5b,ok,,20,342,283.091668516
2a5c,ok,,19,326,267.096753896
2a5s,ok,,10,395,148.06043422009
2a8g,ok,,19,346,267.096753896
2aac,ok,,11,405,164.068473484
2afw,skip,rdkit_parse_failed,0,0,0.0
2afx,ok,,12,311,158.08439832
2aj8,ok,,26,287,355.18770039608995
2al5,ok,,15,409,218.05716040809
2am4,ok,,36,300,568.050684136
2b9a,ok,,17,384,234.049235936
2baj,ok,,27,348,402.10141662
2bak,ok,,43,297,584.29797911609
2bal,ok,,28,314,381.17213058409
2bes,ok,,14,331,231.01440291
2bet,ok,,13,326,216.003503878
2bfq,ok,,36,290,559.0716736759997
2bfr,ok,,27,309,427.02941494000015
2bmk,ok,,21,262,321.08461396609
2bo4,ok,,13,319,192.02700259600002
2boh,ok,,33,256,483.16160123608995
2boj,ok,,11,220,164.068473484
2bok,ok,,30,255,399.26232813618003
2bpv,ok,,45,319,620.38064612009
2bpy,ok,,51,324,728.41294744418
2bq7,ok,,30,256,406.24890368408995
2bqv,ok,,43,325,589.30206145209
2br1,ok,,29,303,391.153206152
2brb,ok,,25,307,331.132076784
2brm,skip,rdkit_parse_failed,0,0,0.0
2cbz,ok,,31,184,506.99574546200006
2cc7,ok,,18,278,242.08037556
2ccb,ok,,27,174,376.1382843599999
2ccc,skip,rdkit_parse_failed,0,0,0.0
2ce9,skip,rdkit_parse_failed,0,0,0.0
2cej,ok,,45,348,681.2282235840901
2cen,ok,,50,339,680.34426061209
2ceq,ok,,14,371,200.079706864
2cer,ok,,22,353,304.14230712
2ces,ok,,14,365,200.079706864
2bt9,ok,,12,283,178.084123548
2buv,ok,,11,348,154.026608672
2bvd,ok,,21,268,310.14964314809
2bvr,ok,,28,206,405.1026235600001
2bvs,ok,,38,215,550.176516772
2byr,ok,,49,257,683.35382225209
2bys,ok,,25,357,338.21145555608996
2bz6,ok,,31,247,417.1699990880001
2bza,ok,,8,316,108.08077574008999
2c1p,ok,,24,324,322.1229893200001
2c3i,ok,,23,346,306.14806119599996
2c3l,skip,rdkit_parse_failed,0,0,0.0
2c80,ok,,26,267,392.18498310009
2c92,ok,,31,325,468.12574424999997
2c94,ok,,32,321,488.1119860059999
2c97,ok,,18,303,298.01215041399996
2ca8,ok,,20,282,308.09108271608994
2cbj,ok,,25,271,353.12229994800003
2cbu,ok,,13,371,190.10738441209
2cbv,ok,,12,367,176.09173434809
2cet,ok,,22,343,304.14230712
2cex,ok,,20,330,291.095416504
2cf8,ok,,33,264,451.22591574409
2cf9,ok,,34,259,447.27545278008995
2cgf,ok,,23,332,338.092101388
2cgr,ok,,29,255,386.17427594400004
2cht,ok,,16,345,228.063388104
2cle,ok,,21,311,329.02760836199997
2clh,ok,,21,402,331.02794479799996
2cli,ok,,22,394,364.9945939819999
2clk,ok,,10,420,169.99802457400003
2cn0,ok,,33,273,443.2053225320901
2csn,ok,,18,332,286.04115175609
2ctc,ok,,12,392,166.06299417999998
2d0k,ok,,32,270,441.1396813279999
2d1n,ok,,34,305,463.3391156560901
2d1o,ok,,34,291,463.3391156560901
2d3u,ok,,27,281,398.03949892799994
2d3z,ok,,26,276,391.0348281479999
2doo,ok,,27,286,409.14938372399996
2drc,ok,,33,279,454.1713158039999
2dri,ok,,10,429,150.05282342
2dw7,ok,,10,431,150.016437912
2e1w,ok,,24,323,323.163376912
2e27,ok,,24,327,342.13146766399996
2e2p,ok,,27,250,427.02941494000015
2e2r,ok,,17,418,228.115029752
2e7f,ok,,33,239,459.1866315199999
2e91,ok,,16,311,271.99632392
2e92,ok,,20,309,322.0119739839999
2e94,skip,rdkit_parse_failed,0,0,0.0
2e9u,ok,,24,339,348.098918084
2epn,ok,,14,324,219.056528896
2erz,ok,,21,367,308.10633885609
2euk,ok,,57,272,809.674468872
2evl,ok,,51,258,723.5649184240001
2ewa,skip,rdkit_parse_failed,0,0,0.0
2ewb,ok,,21,276,325.080635468
2ews,ok,,31,325,506.011729874
2exm,skip,rdkit_parse_failed,0,0,0.0
2fpz,skip,rdkit_parse_failed,0,0,0.0
2fqo,ok,,17,374,269.08018368409
2fqt,ok,,17,388,269.08018368409
2fqw,ok,,19,378,268.08076948400003
2fqx,ok,,20,365,283.091668516
2fqy,ok,,19,401,267.096753896
2fu8,ok,,14,242,217.07726434
2fvd,ok,,30,323,441.128231592
2fw6,ok,,13,362,192.02700259600002
2fx6,skip,rdkit_parse_failed,0,0,0.0
2f81,ok,,38,352,547.2352215239999
2f8g,ok,,38,345,547.2352215239999
2f94,ok,,19,353,320.10225178809003
2f9k,ok,,16,341,271.99632392
2fdp,ok,,41,295,561.3235458440901
2fgu,ok,,49,318,671.3915451520899
2fgv,ok,,49,321,671.3915451520899
2fle,ok,,58,331,800.4948817679999
2flr,skip,rdkit_parse_failed,0,0,0.0
2fmb,ok,,58,329,794.436698196
2ez7,skip,rdkit_parse_failed,0,0,0.0
2f1g,ok,,32,247,436.247440884
2f2h,ok,,30,307,449.0991815559999
2f34,ok,,24,267,354.07543265208994
2f35,ok,,24,257,334.10336165209
2f6t,ok,,26,262,385.13075645600003
2f7i,ok,,17,389,234.049235936
2f7o,ok,,11,341,180.06889072809
2f7p,ok,,18,316,270.11584092009
2f80,ok,,38,353,547.2352215239999
2gkl,ok,,12,322,167.02185764
2gl0,ok,,19,282,267.096753896
2glp,ok,,21,341,412.9010653479999
2gss,ok,,19,247,302.01126422399994
2gst,ok,,35,260,502.1642476560899
2gsu,ok,,23,299,347.0630844180001
2gv6,ok,,41,178,549.2522089800001
2gv7,ok,,51,178,694.3988732080002
2gvj,ok,,29,374,391.22597716800004
2gvv,ok,,15,339,233.11808012999998
2fxs,ok,,28,275,411.0720942159999
2fxu,ok,,50,244,704.4975671359999
2fxv,ok,,24,320,363.05799903800005
2fzc,ok,,18,313,304.0225386679999
2fzg,ok,,22,331,352.0225386679999
2fzk,ok,,25,361,396.01236790799993
2g5u,ok,,18,354,321.912190152
2g94,ok,,45,284,658.372383688
2gh9,ok,,34,298,504.1690349439998
2gj5,ok,,28,259,388.370516156
2gyi,ok,,10,391,151.048072388
2gz2,ok,,27,237,427.02941494000015
2gzl,ok,,44,284,679.1114303119998
2h15,ok,,22,329,338.114772044
2h21,ok,,27,315,401.16016532009013
2h3e,ok,,16,422,254.03038732200002
2h4g,ok,,21,270,371.930321108
2h4k,ok,,20,279,355.935406488
2h4n,ok,,13,337,221.988132052
2h6b,ok,,12,417,186.008371764
2h6t,ok,,48,263,685.462578596
2ha2,ok,,20,325,290.21946028018
2ha3,ok,,7,367,104.10699048808999
2ha6,ok,,20,325,290.21946028018
2hah,ok,,33,290,455.242021156
2haw,ok,,9,357,176.95921014
2hb1,ok,,14,316,279.90410636
2hb3,ok,,39,348,560.2556226199999
2hhn,ok,,39,295,572.1916403719999
2hjb,ok,,10,370,138.09134042409
2hkf,ok,,61,213,870.38395313209
2hl4,ok,,22,308,334.0834719159999
2hmu,ok,,31,281,506.995745462
2hmv,ok,,27,283,427.0294149399999
2hnc,ok,,11,364,179.977567368
2hnx,ok,,18,366,256.240230264
2hoc,ok,,22,319,386.933272604
2hs1,ok,,38,351,547.2352215239999
2hu6,ok,,28,257,383.148120772
2hxm,ok,,25,278,346.09133416799995
2hzl,ok,,6,433,88.01604398799999
2hzy,ok,,15,410,238.024239322
2i0a,ok,,45,332,637.2457862079999
2i19,ok,,17,311,282.017059364
2i2c,ok,,38,276,564.1321704879999
2i3h,skip,rdkit_parse_failed,0,0,0.0
2i3i,ok,,35,193,499.24858640009006
2i4d,ok,,45,344,672.2117823819999
2i4j,ok,,33,356,452.267507632
2i4u,ok,,39,359,562.2348871759999
2isw,ok,,10,338,170.993273542
2iuz,ok,,28,256,386.14510105600004
2iwx,ok,,24,322,352.10775145199995
2izl,ok,,17,357,243.104147784
2j27,ok,,9,371,155.98237451
2j2u,skip,rdkit_parse_failed,0,0,0.0
2j34,ok,,30,235,471.06894048399994
2j47,ok,,26,279,360.14336974
2j4g,ok,,16,367,247.087829024
2j4i,ok,,36,233,558.1373543919999
2i4v,ok,,39,350,562.2348871759999
2i4w,ok,,49,340,728.2743826380001
2i4x,ok,,49,329,728.2743826380001
2i4z,ok,,33,360,452.267507632
2i6b,ok,,30,262,400.20115938800006
2i80,ok,,18,377,279.063776376
2idw,ok,,38,337,547.2352215239999
2ihj,ok,,42,316,632.1378457300002
2ihq,ok,,23,413,307.095691276
2iko,ok,,26,290,355.160852048
2j7h,ok,,10,377,150.09934514818
2j94,skip,rdkit_parse_failed,0,0,0.0
2j95,ok,,31,239,503.04101148399997
2jdm,ok,,12,214,178.084123548
2jdp,ok,,12,215,178.084123548
2jds,skip,rdkit_parse_failed,0,0,0.0
2jdu,ok,,12,225,178.084123548
2jew,ok,,17,331,240.17065336409
2jf4,ok,,23,408,336.1652932120899
2jfz,ok,,33,291,439.20082504000004
2j62,ok,,27,333,373.20015634400005
2j75,ok,,11,372,164.09173434809
2j77,ok,,11,373,164.09173434809
2j78,ok,,13,361,192.074621484
2j79,ok,,13,366,192.074621484
2j7b,ok,,14,367,202.0702048
2j7d,ok,,18,361,260.100836232
2j7e,ok,,19,350,272.100836232
2j7f,ok,,17,362,244.069536104
2j7g,ok,,18,354,258.085186168
2jg0,ok,,25,416,382.1046012839999
2jgs,ok,,16,367,244.088163372
2jh0,ok,,29,254,461.08459054799994
2jh5,ok,,28,256,447.06894048399994
2jh6,ok,,28,254,449.08459054799994
2jiw,ok,,15,349,217.11828344409
2jjb,ok,,25,397,368.15512245208987
2jke,ok,,11,365,164.09173434809
2jkh,ok,,31,253,464.16379230818
2jkp,ok,,13,360,190.10738441209
2jxr,ok,,46,261,653.360005348
2mas,ok,,16,386,225.12336882409
2nmx,ok,,16,344,242.072513308
2nmz,ok,,49,317,671.3915451520899
2nn1,ok,,15,347,229.040878832
2nn7,ok,,17,342,257.07217896000003
2nnd,ok,,12,412,166.110613068
2nsj,ok,,22,334,339.04676565799997
2nsl,ok,,22,331,339.04676565799997
2nt7,skip,rdkit_parse_failed,0,0,0.0
2oax,ok,,29,399,416.2021305039999
2oc2,skip,rdkit_parse_failed,0,0,0.0
2ogy,ok,,33,233,459.1866315199999
2oi0,ok,,20,307,311.064985404
2oi2,ok,,18,368,308.006219908
2oiq,ok,,37,328,495.27356151618
2ojg,skip,rdkit_parse_failed,0,0,0.0
2ojj,skip,rdkit_parse_failed,0,0,0.0
2olb,ok,,28,343,406.3245595043599
2ole,ok,,30,248,420.18933812009004
2nta,ok,,20,292,327.974311828
2o0u,ok,,34,316,473.20057358809004
2o4j,ok,,30,374,414.31339520399996
2o4k,ok,,51,329,705.39702445609
2o4l,ok,,42,348,602.2062278159999
2o4n,ok,,42,358,602.2062278159999
2o4r,ok,,30,374,414.31339520399996
2o4z,ok,,6,389,111.994262988
2o8h,ok,,34,239,484.20130186009004
2oag,ok,,31,272,449.12535796009
2on6,skip,rdkit_parse_failed,0,0,0.0
2ot1,ok,,25,210,377.021986826
2ovv,ok,,30,269,401.17394159599996
2ovy,ok,,30,266,403.164439532
2oxd,ok,,14,353,445.6900610840001
2oxn,ok,,25,245,353.12229994800003
2oxx,ok,,14,344,461.6672174640001
2oxy,skip,rdkit_parse_failed,0,0,0.0
2oym,ok,,22,308,310.17613266808996
2p09,ok,,31,199,506.995745462
2p15,ok,,32,395,442.211964828
2p16,ok,,34,242,459.19065428000005
2p2a,ok,,24,402,331.11492938009
2p3a,ok,,66,320,908.468392248
2p3b,ok,,66,304,908.468392248
2p3c,ok,,66,334,908.468392248
2p3i,ok,,22,168,323.121631252
2p4j,ok,,49,293,701.3822200999998
2p4s,skip,rdkit_parse_failed,0,0,0.0
2p4y,ok,,40,335,574.111848764
2p53,ok,,20,344,337.032769004
2p7a,ok,,9,421,142.018542524
2p7g,ok,,17,417,228.115029752
2p7z,ok,,29,366,388.22710562009
2p95,ok,,30,243,441.09139018
2pbw,ok,,22,333,312.14416384409
2pcp,ok,,18,308,244.20597625208998
2pgz,ok,,22,306,304.15433460409
2pk5,ok,,56,331,803.2658700200001
2pk6,ok,,54,336,771.27604078
2pog,ok,,21,392,282.125594436
2pou,ok,,16,360,303.914604032
2pov,ok,,16,360,284.964475416
2pow,ok,,19,348,318.990832396
2pq9,ok,,28,380,457.9826848279999
2pqb,ok,,28,377,457.9826848279999
2pqc,ok,,25,387,406.0066138319999
2pql,skip,rdkit_parse_failed,0,0,0.0
2pqz,ok,,39,334,562.1828749240899
2psu,ok,,36,346,517.22465684
2psv,ok,,33,362,477.19335671199997
2ptz,ok,,9,405,154.99835892200002
2pu1,ok,,10,390,172.98893711
2pu2,ok,,26,254,355.06920175600004
2pv1,skip,rdkit_parse_failed,0,0,0.0
2pvh,ok,,23,337,302.127994448
2pvj,ok,,26,344,347.18584367200003
2pvk,ok,,27,341,375.099921128
2pvl,ok,,26,339,349.18836909209
2pvm,skip,rdkit_parse_failed,0,0,0.0
2pvu,ok,,10,390,148.12008059218
2pwc,ok,,41,336,592.2046729880901
2pwd,ok,,11,397,164.09173434809
2pwg,ok,,13,387,190.10738441209
2pwr,ok,,45,358,648.1945022280902
2py4,ok,,28,368,466.98959746199984
2pym,ok,,40,332,568.32035437209
2pyn,ok,,40,328,568.32035437209
2pyy,ok,,10,395,148.06043422009
2q1q,ok,,18,340,290.039498928
2q2a,ok,,13,402,175.11895214009
2q38,ok,,12,378,182.99901402
2q54,ok,,48,324,656.320999748
2q55,ok,,48,346,655.33698416
2q5k,ok,,46,342,628.3624706359999
2q63,ok,,40,326,568.32035437209
2q64,ok,,40,333,568.32035437209
2q6f,ok,,49,215,682.36901256
2q7q,ok,,9,372,142.04180338809
2q88,ok,,10,413,142.07422756
2q89,ok,,11,411,158.06914218
2q8h,ok,,6,420,127.943184664
2q8m,ok,,23,309,347.0630844180001
2q8z,ok,,23,395,339.04676565799997
2qbp,ok,,37,260,608.0286552399999
2qbq,ok,,31,251,509.08715609599994
2qbr,ok,,28,270,460.99325571199995
2qbs,ok,,27,272,453.02455583999995
2qbu,ok,,26,358,385.12886519209013
2qbw,skip,rdkit_parse_failed,0,0,0.0
2qci,ok,,40,357,576.2141517319999
2qd6,ok,,40,339,576.2141517319999
2qd7,ok,,40,337,576.2141517319999
2qd8,ok,,40,359,576.2141517319999
2qdt,ok,,11,256,177.045964212
2qe4,ok,,24,386,326.15180918399994
2qg0,ok,,27,312,389.115775088
2qg2,ok,,24,326,321.12257472000005
2qhy,ok,,39,344,583.142247656
2qhz,ok,,40,333,606.108168568
2qi0,ok,,40,343,582.165842312
2qi1,ok,,40,343,582.1494433
2qi3,ok,,37,338,547.217463284
2qi4,ok,,39,348,567.186163156
2qi5,ok,,40,345,588.24401238
2qi6,ok,,38,352,553.170513092
2qi7,ok,,37,344,532.260708
2qm9,ok,,31,356,441.160993964
2qmg,ok,,44,282,608.29305424009
2qnn,ok,,53,327,784.1692714840902
2qnp,ok,,41,334,813.9761708600901
2qnq,ok,,41,333,630.1049302200901
2qpq,ok,,13,359,192.02700259600002
2qpu,ok,,32,165,470.2232020120898
2qrk,ok,,23,223,347.0630844180001
2qrl,ok,,10,282,147.01677226
2qta,ok,,26,350,425.0444196280899
2qtg,ok,,20,334,296.094311372
2qtn,ok,,22,268,337.0562677219999
2qtt,skip,rdkit_parse_failed,0,0,0.0
2r1y,ok,,33,134,484.17920570399986
2r23,ok,,35,201,514.1533848799999
2r2m,ok,,31,260,443.13358725200004
2r2w,ok,,20,303,253.1215121
2r38,ok,,45,346,648.1945022280902
2r3t,ok,,45,337,648.1945022280902
2r3w,ok,,41,344,592.2046729880901
2r43,ok,,41,330,592.2046729880901
2r58,ok,,12,195,176.15138072018
2r59,ok,,35,327,495.2043351740899
2r5a,ok,,11,195,162.13573065618
2r5p,ok,,45,345,615.3773578881799
2r75,skip,rdkit_parse_failed,0,0,0.0
2r9w,ok,,29,244,389.08993719999995
2r9x,ok,,30,229,403.10558726399995
2ra0,ok,,39,240,529.1906548360901
2ra6,ok,,9,389,122.07316494
2rcb,ok,,7,423,106.04986953609
2rcn,skip,rdkit_parse_failed,0,0,0.0
2rd6,skip,rdkit_parse_failed,0,0,0.0
2qu6,ok,,36,327,508.17460844409
2qw1,ok,,13,233,194.079038168
2qwb,ok,,21,292,309.105981188
2qwc,ok,,20,295,291.095416504
2qwd,ok,,20,296,291.11867736809
2qwe,ok,,24,306,332.13319898
2qwf,ok,,25,297,341.1699188360001
2qzr,skip,rdkit_parse_failed,0,0,0.0
2r0h,ok,,43,151,627.248682232
2r0z,skip,rdkit_parse_failed,0,0,0.0
2uwp,ok,,28,246,449.08459054799994
2uxi,ok,,20,319,274.084123548
2uxz,ok,,47,332,709.2595237120901
2uy0,ok,,48,350,722.2315118160001
2uy3,skip,rdkit_parse_failed,0,0,0.0
2uy4,ok,,13,278,221.988132052
2uy5,skip,rdkit_parse_failed,0,0,0.0
2uyn,ok,,7,408,102.031694052
2uyq,ok,,17,299,237.086189212
2uz9,skip,rdkit_parse_failed,0,0,0.0
2reg,ok,,7,441,104.10699048808999
2rfh,ok,,15,357,209.068807832
2ri9,ok,,9,344,134.0579088
2rin,ok,,10,430,146.11755517209
2rio,ok,,27,323,427.02941494000015
2rk8,ok,,7,392,125.971809826
2rka,ok,,9,331,155.98237451
2rkd,ok,,9,328,154.003109954
2rke,ok,,8,336,139.977944228
2rkf,ok,,46,332,628.3624706359999
2rkg,ok,,46,311,628.3624706359999
2rkm,ok,,19,333,277.22232004827
2sim,ok,,20,314,291.095416504
2std,ok,,20,382,333.045397236
2tmn,ok,,13,315,210.07694358999998
2tpi,ok,,16,338,231.17031901609
2usn,ok,,28,235,414.0820324359999
2uwd,ok,,27,331,388.08259932399994
2uwl,ok,,28,246,447.06894048399994
2uwo,ok,,29,253,461.08459054799994
2v00,ok,,16,303,215.105862036
2v25,ok,,9,405,134.04478415609
2v2c,ok,,9,374,155.98237451
2v2h,ok,,9,347,155.98237451
2v2q,skip,rdkit_parse_failed,0,0,0.0
2v2v,skip,rdkit_parse_failed,0,0,0.0
2v3d,ok,,15,355,220.15433460409
2v3u,ok,,7,433,106.04986953609
2v54,ok,,25,352,402.022932592
2v57,ok,,16,326,209.095297352
2v58,ok,,20,342,392.92246948800016
2v59,ok,,22,336,297.12257472000005
2v77,ok,,20,345,290.100167536
2v7a,skip,rdkit_parse_failed,0,0,0.0
2v88,ok,,63,181,905.5647176801801
2v8w,ok,,33,177,538.01358659809
2v95,ok,,26,302,362.20932405999986
2vb8,ok,,14,362,210.071450688
2vba,ok,,16,369,232.067034004
2vc9,ok,,14,370,205.11828344409
2ves,ok,,30,308,420.11437811999997
2vfk,ok,,23,245,347.0630844180001
2vh0,ok,,34,224,524.0987639480901
2vh6,ok,,35,228,554.02069064
2vhj,ok,,27,280,427.02941494000015
2vj8,ok,,29,343,401.20709844808994
2vjx,ok,,11,369,161.068807832
2vk2,ok,,12,455,176.032087976
2vk6,ok,,20,329,291.095416504
2vkm,ok,,47,302,659.2897825160899
2vl4,ok,,11,371,164.09173434809
2vmc,ok,,15,135,221.0899372
2vmd,ok,,13,199,194.079038168
2vmf,ok,,14,368,200.079706864
2vnp,ok,,14,363,250.02400146808998
2vnt,ok,,27,297,397.06115267200005
2vo4,ok,,11,255,169.019749464
2vo5,ok,,20,338,280.15433460409
2vot,ok,,22,350,305.13755608800005
2vpe,ok,,57,155,804.4806537081802
2vpn,ok,,10,401,142.07422756
2vpo,ok,,11,392,158.06914218
2vqt,ok,,15,361,220.12918247609
2vrj,ok,,22,330,332.17697837599997
2vsl,ok,,34,203,477.29402218817995
2vt3,ok,,31,227,506.99574546200006
2vuk,ok,,18,277,239.15427502808998
2vvc,ok,,34,257,505.11070853609
2vvn,ok,,16,361,248.083077992
2vvs,ok,,25,279,353.12229994800003
2vvu,ok,,32,257,475.10014385209007
2vvv,ok,,32,255,472.05206520800004
2vw1,ok,,20,328,291.095416504
2vw2,ok,,13,327,208.10019085609
2vw5,ok,,36,273,502.30428706399994
2vwc,ok,,40,265,558.2941163039999
2vwl,ok,,34,250,505.11070853609
2vwm,ok,,39,231,570.13725763209
2vwn,ok,,33,250,491.09505847209
2vwo,ok,,33,257,493.09072204009
2vxn,ok,,10,379,170.993273542
2vyt,ok,,11,168,162.13573065618
2vzr,ok,,13,215,194.04265266000002
2w08,ok,,12,223,200.03185012209
2w26,ok,,29,251,435.065569356
2w47,ok,,24,157,352.0641759519999
2w4x,ok,,18,301,265.09099982000004
2w5g,ok,,31,178,506.99574546200006
2w66,ok,,16,350,235.12884812809
2w67,ok,,14,356,205.11828344409
2w8j,ok,,22,367,334.05660206999994
2w8w,ok,,22,363,334.05660206999994
2w8y,ok,,32,389,429.26677936
2w9h,ok,,21,336,290.13789043599996
2wb5,ok,,26,270,359.18450628000005
2wbg,ok,,22,324,316.19982199599997
2wc3,ok,,22,320,316.19982199599997
2wc4,ok,,22,324,332.17697837599997
2wca,ok,,27,251,381.15360007600003
2we3,ok,,28,246,467.9736130499998
2web,ok,,38,276,540.202538026
2wec,ok,,38,233,540.202538026
2wed,ok,,39,265,552.202538026
2weg,ok,,11,383,175.010327652
2weh,ok,,11,382,190.980777112
2wej,ok,,10,370,157.019749464
2weo,ok,,11,366,175.010327652
2weq,ok,,40,258,570.3516311799999
2wer,ok,,25,324,364.0713659439999
2wf5,ok,,16,376,260.02971862600003
2wgj,ok,,30,327,450.1258203560901
2whp,skip,rdkit_parse_failed,0,0,0.0
2wjg,skip,rdkit_parse_failed,0,0,0.0
2wk6,ok,,9,431,237.923925336
2wky,ok,,17,377,239.10263338009
2wkz,ok,,51,336,694.35991067609
2wl0,ok,,51,332,694.35991067609
2wly,ok,,28,276,438.1130577919999
2wlz,ok,,28,280,422.1359014119999
2wm0,ok,,42,261,625.215273928
2wn9,ok,,22,256,294.136827816
2wnc,skip,rdkit_parse_failed,0,0,0.0
2wnj,ok,,23,296,308.15247788
2wor,ok,,21,209,299.061614276
2wos,ok,,21,285,299.061614276
2wq5,ok,,33,219,460.20782672009
2wr8,ok,,26,390,385.12886519209013
2wtv,ok,,34,330,476.0851598400001
2wuf,ok,,25,330,348.157288488
2wvt,ok,,13,345,194.10229903209
2wvz,ok,,16,321,232.069536104
2wyf,ok,,24,166,356.1318615879999
2wyg,ok,,30,242,472.09261594809004
2wyj,ok,,30,243,472.09261594809004
2wzf,ok,,25,339,404.0021971479999
2wzm,ok,,39,287,623.043089578
2wzs,ok,,14,321,200.079706864
2x00,ok,,37,274,509.350508984
2x09,ok,,13,335,190.13064527618
2x0y,ok,,18,356,254.101504928
2x2r,ok,,24,312,344.16787649209
2x4z,skip,rdkit_parse_failed,0,0,0.0
2x6x,ok,,47,194,691.25349284
2x7t,ok,,30,260,458.1545286799999
2x7u,ok,,26,285,381.160993964
2x8z,ok,,14,302,217.07726434
2x91,ok,,29,285,407.24092399618
2x95,skip,rdkit_parse_failed,0,0,0.0
2x96,skip,rdkit_parse_failed,0,0,0.0
2x97,ok,,34,288,498.187950582
2xab,ok,,22,345,295.120843404
2xb7,ok,,42,243,615.2747397241801
2xb8,ok,,22,376,310.1052529159999
2xbp,ok,,31,373,506.99574546200006
2xbv,ok,,36,249,520.13577832409
2xbw,ok,,36,253,533.0935956719999
2xbx,ok,,36,243,532.0983467039999
2xc0,ok,,38,249,546.1384619279999
2xc4,ok,,37,248,537.13110754409
2xd9,ok,,18,399,270.056194548
2xm1,ok,,15,346,218.090271548
2xm2,ok,,16,345,234.085186168
2xmy,ok,,29,336,435.10349615199993
2xn3,ok,,18,357,241.11027872
2xn5,ok,,21,345,330.007720132
2xnb,ok,,27,346,383.16485677609
2xog,ok,,40,200,586.1441746520001
2xp7,skip,rdkit_parse_failed,0,0,0.0
2xpk,ok,,27,335,391.1565772800001
2xxr,ok,,10,408,148.06043422009
2xhm,ok,,37,259,535.208351678
2xht,ok,,19,350,263.152143532
2xib,ok,,10,356,148.09681972809
2xii,ok,,28,265,383.16014825608994
2xj1,ok,,25,348,339.18155239608996
2xj2,ok,,25,348,339.18155239608996
2xj7,ok,,16,341,231.13393350809
2xjg,ok,,23,338,311.152143532
2xjj,ok,,23,340,308.15247788000005
2xjx,ok,,30,271,411.25109475617995
2xda,ok,,20,389,298.087494676
2xde,skip,rdkit_parse_failed,0,0,0.0
2xdk,ok,,13,339,172.074896256
2xdl,ok,,16,367,223.120843404
2xdx,ok,,16,348,235.05123962
2xef,ok,,64,266,918.3818216360003
2xeg,ok,,52,264,742.2769626440002
2xei,ok,,46,282,654.2245331480002
2xej,ok,,41,285,591.275171752
2xg9,ok,,22,302,326.14455776808995
2xxt,ok,,15,370,216.12303447609
2xxx,ok,,10,416,148.06043422009
2xyd,ok,,51,298,711.2345664259999
2xye,ok,,51,336,702.4225109320901
2xyf,ok,,50,328,708.37893186809
2xys,ok,,25,302,337.19105446008996
2xyt,ok,,45,228,610.3031899041799
2y5f,ok,,35,238,520.19000705618
2y5g,ok,,31,249,464.16379230818
2y5h,ok,,31,244,464.16379230818
2yay,ok,,28,388,469.00524752599983
2yaz,ok,,20,403,308.04095200599994
2yb0,ok,,16,402,228.074621484
2ydt,ok,,18,326,266.12342840009
2ydw,ok,,32,254,423.1695249120001
2yek,ok,,30,260,423.14620262400007
2yel,ok,,32,241,423.1695249120001
2yfa,ok,,9,325,134.021523292
2yfe,ok,,25,312,340.167459248
2yfx,ok,,30,285,450.1258203560901
2y7i,ok,,13,384,175.11895214009
2y7x,ok,,32,246,474.10489488408996
2y7z,ok,,33,245,484.14561682409
2y80,ok,,33,244,484.14561682409
2y81,ok,,33,254,488.12054494808996
2y82,ok,,33,245,488.12054494808996
2y8c,ok,,38,236,513.226371092
2ya6,ok,,20,349,291.095416504
2ya7,ok,,24,346,332.13319898000015
2ya8,ok,,20,324,285.18088370009
2yge,ok,,40,265,560.2733808599999
2ygf,ok,,40,264,566.3203310519999
2yhw,ok,,15,387,221.0899372
2yi0,ok,,22,355,334.017890892
2yi7,ok,,23,345,348.033540956
2yix,ok,,26,379,369.1623313560001
2yk1,ok,,12,383,163.12297490009
2yki,skip,rdkit_parse_failed,0,0,0.0
2ylc,ok,,20,221,308.04095200600005
2ymd,skip,rdkit_parse_failed,0,0,0.0
2yme,ok,,23,274,313.20228784009
2ypi,ok,,9,361,155.98237451
2ypo,ok,,12,390,166.08625504409
2yxj,ok,,56,262,814.2726911241798
2yz3,ok,,15,292,224.087100752
2z1w,skip,rdkit_parse_failed,0,0,0.0
2z4o,ok,,40,367,576.2141517319999
2z94,ok,,9,208,156.006742256
2za0,ok,,22,304,304.094688232
2za5,ok,,31,238,413.18596908009005
2zb1,ok,,26,358,347.16337691200005
2zc9,ok,,27,271,386.16298114009004
2zcq,ok,,25,318,386.0589105779999
2zcr,ok,,28,354,426.12659621399985
2zcs,ok,,24,371,370.06399595799996
2zda,ok,,30,262,394.22375155609
2zdk,ok,,29,249,384.25252626400004
2zdl,ok,,28,240,372.21614075600013
2zdm,ok,,29,244,386.2317908200001
2zdn,ok,,28,252,370.2368762000001
2zfp,ok,,22,275,324.14733107609
2zfs,ok,,30,237,400.2707017480901
2zft,ok,,28,249,372.23940162009006
2zgx,ok,,25,274,332.20810149209
2zjw,ok,,22,340,302.00626715199996
2zkj,ok,,27,344,427.02941494000015
2zmm,ok,,31,253,510.04601955599986
2zn7,ok,,35,235,557.0507705879999
2zq0,ok,,44,244,646.25528998809
2zq2,ok,,31,232,414.2863518120901
3acl,ok,,27,346,401.11193559599997
3acw,ok,,21,373,280.16959074409
3acx,ok,,23,381,310.21654093609
3ag9,ok,,69,152,947.5645922720897
3agl,ok,,65,230,889.4994665959998
3ahn,ok,,42,299,605.2734773540901
3aho,ok,,43,284,622.30002645009
3ai8,ok,,14,298,190.037842052
3aid,ok,,37,294,504.28568311608996
3alt,ok,,23,145,342.116211524
3a1c,ok,,31,289,505.0164809060001
3a1d,ok,,27,323,427.02941494000015
3a1e,ok,,31,307,505.0164809060001
3a2o,ok,,40,346,568.2719413799999
3a5y,ok,,32,333,476.17906907618004
3a6t,ok,,25,365,361.0423489740001
3a9i,ok,,10,397,148.12008059218
3aaq,ok,,37,209,716.900105298
3aas,ok,,19,256,250.106590308
3aau,ok,,30,222,382.18657194400015
3ao2,ok,,17,341,294.99563866000005
3ao4,ok,,16,344,217.085126592
3ao5,ok,,17,347,294.99563866000005
3ap4,ok,,23,167,342.11621152399994
3aqt,ok,,8,423,110.036779432
3arp,skip,rdkit_parse_failed,0,0,0.0
3arq,ok,,36,217,498.17585789608995
3arw,ok,,26,221,349.131408088
3arx,ok,,22,253,306.16919056399996
3axz,ok,,19,373,267.096753896
2zwz,ok,,12,385,178.13064527618
2zx6,skip,rdkit_parse_failed,0,0,0.0
2zx7,skip,rdkit_parse_failed,0,0,0.0
2zx8,ok,,23,332,321.14449819209
2zxd,ok,,12,362,176.12811985609
2zxg,ok,,29,311,419.1730350460899
2zy1,ok,,24,361,349.1079093699999
2zym,ok,,66,227,972.3169405200003
2zz1,ok,,23,256,349.031115594
2zz2,ok,,23,412,351.046765658
3b4f,skip,rdkit_parse_failed,0,0,0.0
3b4p,ok,,16,369,219.125928784
3b50,ok,,21,363,309.105981188
3b5r,ok,,28,395,416.05508283600005
3b65,ok,,25,398,447.00798930799994
3b66,ok,,29,399,409.088555208
3b67,ok,,32,394,474.04619718
3b68,ok,,31,392,441.114769956
3b7i,ok,,10,333,168.07840639008998
3b7j,ok,,13,270,174.031694052
3bgc,ok,,41,331,594.2203230520898
3bgq,ok,,26,343,361.15143023600007
3bgs,skip,rdkit_parse_failed,0,0,0.0
3bgz,skip,rdkit_parse_failed,0,0,0.0
3bkk,ok,,36,309,490.21038668
3bkl,skip,rdkit_parse_failed,0,0,0.0
3bl0,ok,,13,347,222.02451756
3bl1,ok,,24,325,365.06009005199996
3bpc,ok,,32,193,464.1529909559999
3bqc,ok,,20,355,270.05282342000004
3b1m,ok,,38,323,513.1787522039999
3b24,ok,,11,366,170.06261732
3b25,ok,,18,338,263.072847656
3b26,ok,,21,312,277.1215121
3b27,ok,,16,350,252.02364496799999
3b2q,ok,,31,359,506.99574546200006
3b3c,ok,,10,322,168.07840639008998
3b3s,ok,,9,301,132.10190510809
3b3w,ok,,9,334,132.10190510809
3b3x,ok,,13,299,192.05026346009
3b7r,ok,,29,331,419.17303504609
3b7u,ok,,21,339,294.121571676
3b92,ok,,18,337,284.05408637200003
3bbb,skip,rdkit_parse_failed,0,0,0.0
3bbf,skip,rdkit_parse_failed,0,0,0.0
3be9,ok,,27,353,363.180758292
3bex,ok,,15,366,219.110672644
3bft,ok,,12,415,190.02808853609
3bfu,ok,,12,422,190.02808853609
3bgb,ok,,35,334,526.2516231800901
3bra,ok,,10,281,138.09134042409
3brn,skip,rdkit_parse_failed,0,0,0.0
3bu1,skip,rdkit_parse_failed,0,0,0.0
3buf,ok,,11,272,152.10699048809
3bug,ok,,12,280,166.12264055209
3buh,ok,,16,272,220.16959074409
3bv9,ok,,48,207,652.39294212009
3bva,ok,,55,340,770.52468455609
3bvb,ok,,38,355,547.2352215239999
3bwj,ok,,52,267,705.3782888439999
3c4h,ok,,12,314,182.05138394
3c52,ok,,10,368,170.993273542
3c56,ok,,18,317,309.00146887599993
3c79,ok,,17,347,253.036652176
3c84,ok,,16,359,252.02364496799999
3c88,ok,,35,246,491.25071164009006
3c89,ok,,37,244,519.28201176809
3c8a,ok,,37,231,501.3255908320901
3c8b,ok,,37,234,501.3255908320901
3cct,ok,,42,284,574.24791506
3bxe,ok,,10,379,169.998024574
3bxf,ok,,20,340,339.99604914799994
3bxg,ok,,16,385,260.02971862600003
3bxh,ok,,16,382,260.02971862600003
3bzf,ok,,69,228,983.6070342760902
3c2f,ok,,22,259,389.9518149859999
3c2o,ok,,12,348,167.02185764
3c2r,ok,,12,342,166.026608672
3c2u,ok,,19,377,284.19363945618
3c39,ok,,11,269,185.992939194
3cj2,ok,,18,272,310.068075328
3cj4,ok,,25,245,410.084119316
3cj5,ok,,30,216,479.14196854
3ckb,ok,,34,162,504.1690349439998
3cke,ok,,26,287,418.112182872
3ckp,ok,,40,286,546.30748118009
3ckz,ok,,24,332,332.13319898000015
3cl0,ok,,20,308,285.18088370009
3cm2,ok,,36,170,493.30419294818
3cow,ok,,31,345,460.13763272799997
3coy,ok,,31,343,460.16089359208996
3coz,ok,,30,343,446.14524352808996
3cs7,ok,,37,229,511.23153728009
3ctt,ok,,14,366,206.10229903209
3cyw,ok,,38,366,547.2352215239999
3cyx,ok,,49,321,671.3915451520899
3cyz,ok,,13,388,184.109944372
3cz1,ok,,14,376,213.08234972
3czv,ok,,13,358,221.988132052
3d0b,ok,,28,331,377.17394159599996
3ccw,ok,,36,292,497.2325993439999
3ccz,ok,,38,280,527.2431640279999
3cd0,ok,,37,290,515.2231775319999
3cd5,ok,,38,329,518.2780723159999
3cd7,ok,,42,283,576.243578628
3cda,ok,,45,277,637.225799712
3cdb,ok,,46,265,655.2163779
3cf8,ok,,22,280,302.04265265999993
3cfn,ok,,21,324,299.061614276
3cft,ok,,15,370,223.030314148
3djk,ok,,38,355,550.2348871759999
3djo,ok,,21,225,324.035866626
3djp,ok,,21,246,324.035866626
3djq,ok,,25,208,404.0021971479999
3djv,ok,,22,262,323.05185103800005
3djx,skip,rdkit_parse_failed,0,0,0.0
3dk1,ok,,40,346,576.2505372399999
3dln,ok,,10,411,148.06043422009
3dnd,ok,,13,357,190.05646932
3dne,skip,rdkit_parse_failed,0,0,0.0
3d6o,ok,,22,205,312.15539722408994
3d6p,ok,,22,205,314.13466178008997
3d78,ok,,14,373,213.08234972
3d7k,ok,,39,350,626.0766386380001
3d7z,ok,,26,385,344.15247788
3d83,ok,,35,326,470.23179082
3d8w,ok,,19,333,319.97076773599997
3d8z,ok,,21,214,296.16048260408996
3d91,skip,rdkit_parse_failed,0,0,0.0
3d9z,ok,,16,332,274.95899611199997
3d0e,ok,,31,358,426.22481417609
3d1x,ok,,49,323,671.3915451520899
3d1y,ok,,49,318,671.3915451520899
3d1z,ok,,38,353,547.2352215239999
3d2e,ok,,31,323,506.99574546200006
3d4y,ok,,14,322,200.079706864
3d4z,ok,,14,325,200.079706864
3d50,ok,,20,280,288.21693486009
3d51,ok,,13,330,192.074621484
3d52,ok,,23,266,345.072762912
3da9,ok,,28,230,380.23325362009
3daz,ok,,14,346,237.01105856809
3dbu,ok,,19,337,319.97076773599997
3dc3,ok,,13,352,221.988132052
3dcc,ok,,16,339,274.95899611199997
3dd0,ok,,16,340,258.01328418
3dd8,ok,,24,287,371.08611477200003
3ddf,ok,,19,287,267.13393350809
3ddg,ok,,20,290,281.14958357209
3dgo,ok,,31,193,506.99574546200006
3ehx,ok,,24,293,347.119129152
3ehy,ok,,17,309,259.051443516
3ejp,ok,,21,310,292.15433460408997
3ejq,ok,,22,307,306.16998466808997
3ejr,ok,,25,277,348.21693486008996
3eko,ok,,16,356,219.053157768
3ekp,ok,,35,339,505.2246568399999
3ekr,ok,,22,338,297.13649346799997
3ekt,ok,,38,357,547.2352215239999
3ekv,ok,,35,343,505.2246568399999
3dp4,ok,,13,413,187.07133325209
3dp9,skip,rdkit_parse_failed,0,0,0.0
3drf,ok,,49,283,706.33660901609
3drg,ok,,71,271,975.5046773840901
3dri,ok,,33,154,477.23035305608994
3dsz,ok,,49,229,718.2952868562699
3dx1,ok,,9,344,134.08116966409
3dx2,ok,,12,340,196.06380534809
3dx3,ok,,10,347,150.07608428409
3dx4,ok,,11,344,164.09173434809
3eb1,ok,,29,165,389.162708216
3ebh,ok,,22,325,309.18088370008996
3ebi,ok,,25,329,362.15157133009006
3ebl,ok,,24,373,332.1623738679999
3ebo,ok,,19,273,254.0579088
3ebp,ok,,28,236,402.11027687208997
3ed0,ok,,20,278,270.05282342000004
3eeb,ok,,36,258,659.8613712360001
3eft,ok,,26,257,421.11293679208995
3egt,skip,rdkit_parse_failed,0,0,0.0
3dyo,ok,,15,314,238.087494676
3dzt,ok,,23,357,324.26644501199996
3e12,ok,,20,355,318.03519793
3e3c,ok,,17,415,270.086839578
3e5a,skip,rdkit_parse_failed,0,0,0.0
3e5u,ok,,12,431,186.008371764
3e6y,ok,,46,187,652.345877104
3e92,ok,,26,373,347.16337691200005
3e93,ok,,37,336,497.25471733609004
3eax,ok,,48,114,650.2628161760001
3ekw,ok,,51,342,705.39702445609
3ekx,ok,,40,333,568.32035437209
3el1,ok,,51,324,705.39702445609
3el4,ok,,49,309,671.3915451520899
3el5,ok,,40,337,568.32035437209
3el9,ok,,51,324,705.39702445609
3elc,ok,,19,264,261.076098704
3eqr,ok,,38,331,515.3241342880901
3ery,ok,,70,215,987.5145733720901
3evd,skip,rdkit_parse_failed,0,0,0.0
3ewc,ok,,21,397,314.104876056
3ewj,ok,,35,191,464.173607248
3exe,ok,,26,342,426.05279323999986
3exh,ok,,26,305,425.0444196280899
3f15,ok,,22,271,334.083471916
3f16,ok,,19,295,290.057257168
3f17,ok,,21,299,304.051777864
3f18,ok,,19,269,292.05292073600003
3f19,ok,,16,299,248.026705988
3f1a,ok,,15,286,230.0361278
3f68,ok,,30,254,433.2132195639999
3f6e,ok,,36,343,558.0971834720899
3f6g,ok,,9,393,132.10190510809
3f70,ok,,11,203,162.13573065618
3f78,ok,,10,391,183.971433464
3f7g,ok,,34,185,465.28601746409004
3f7h,ok,,38,189,519.33296765609
3f7i,ok,,35,204,479.30166752809004
3f80,ok,,12,373,177.08698331609
3f8c,skip,rdkit_parse_failed,0,0,0.0
3fh7,ok,,27,338,390.14666238009
3fhb,ok,,10,336,137.047678464
3fj7,ok,,10,378,169.998024574
3fjg,ok,,11,364,185.992939194
3fl5,ok,,20,371,272.032087976
3fqe,ok,,25,325,341.20843584009003
3fql,ok,,31,357,446.13117105599997
3fuc,skip,rdkit_parse_failed,0,0,0.0
3fur,ok,,31,331,511.932273964
3fuz,ok,,10,418,148.06043422009
3f8e,ok,,20,236,282.146723804
3f8f,ok,,38,282,528.1864225800899
3fas,ok,,10,417,148.06043422009
3fat,ok,,13,419,187.07133325209
3fcq,ok,,14,313,194.0579088
3fed,ok,,20,355,312.08427961809
3fee,ok,,13,367,190.04584677609
3ff3,ok,,10,375,148.06043422009
3ffg,ok,,45,227,616.2278488680902
3ffp,skip,rdkit_parse_failed,0,0,0.0
3fv1,ok,,21,404,306.14160388418003
3fv2,ok,,20,405,292.10269295609
3fv3,ok,,48,257,685.4625785960002
3fvh,skip,rdkit_parse_failed,0,0,0.0
3fvk,ok,,19,398,276.10777833609
3fvl,ok,,16,353,222.089208928
3fvn,ok,,19,405,276.10777833609
3fwv,ok,,48,205,695.28362826
3fx6,ok,,19,352,269.0899372
3fzn,ok,,39,323,626.0766386380001
3g31,ok,,17,157,237.10010796
3g32,skip,rdkit_parse_failed,0,0,0.0
3g34,skip,rdkit_parse_failed,0,0,0.0
3g35,skip,rdkit_parse_failed,0,0,0.0
3g3r,ok,,13,334,256.925540662
3g5k,ok,,27,318,385.25767122
3ga5,ok,,17,424,254.10016753600001
3gba,ok,,21,407,306.14160388418003
3gbb,ok,,18,389,260.11286371609003
3gbe,ok,,11,394,164.09173434809
3fzy,ok,,36,274,659.8613712360001
3g0e,skip,rdkit_parse_failed,0,0,0.0
3g0i,ok,,10,374,143.131014164
3g0w,ok,,24,407,359.06483899600005
3g19,ok,,25,187,358.27003305208996
3g1d,ok,,21,409,324.03586662600003
3g1v,ok,,22,401,342.02644481399994
3g2y,skip,rdkit_parse_failed,0,0,0.0
3g2z,skip,rdkit_parse_failed,0,0,0.0
3g30,ok,,17,285,241.055049588
3gc4,skip,rdkit_parse_failed,0,0,0.0
3gc5,skip,rdkit_parse_failed,0,0,0.0
3gcp,skip,rdkit_parse_failed,0,0,0.0
3gcs,ok,,32,315,464.086302712
3gcu,ok,,38,330,506.25425758000006
3gdt,ok,,21,246,325.0311155939999
3ge7,skip,rdkit_parse_failed,0,0,0.0
3ggu,ok,,38,338,547.2352215239999
3gi4,ok,,47,327,677.201870708
3gi5,ok,,46,327,651.225050764
3f33,ok,,13,404,178.135765196
3f34,ok,,11,414,150.104465068
3f37,ok,,9,420,122.07316494
3f3c,ok,,13,428,184.07683323209
3f3d,ok,,9,418,150.05832604409
3f3e,ok,,9,421,132.10190510809
3f48,ok,,6,412,90.05495491609
3f5j,ok,,45,294,666.221858364
3f5k,ok,,56,255,828.274681784
3f5l,ok,,23,365,342.11621152399994
3gi6,ok,,46,323,663.2226061519999
3gjw,ok,,20,297,268.14443861609
3gk1,ok,,19,216,279.104147784
3gkz,ok,,11,376,150.12772593209
3gm0,ok,,14,358,194.11755517209
3gnw,ok,,44,256,613.204670344
3gqz,ok,,18,261,247.084457896
3gr2,skip,rdkit_parse_failed,0,0,0.0
3gs6,ok,,27,239,381.15360007600003
3gsm,ok,,19,288,260.13722174000003
3gss,ok,,39,211,610.10234694009
3gst,ok,,35,256,502.1642476560899
3gt9,ok,,36,197,505.2631738440901
3gta,ok,,36,192,505.26317384409003
3gtc,skip,rdkit_parse_failed,0,0,0.0
3gv9,ok,,12,304,185.014664084
3gvb,ok,,16,353,221.068807832
3gvu,ok,,37,341,495.27356151618
3gx0,ok,,40,278,614.16651536818
3gy2,ok,,23,269,281.1388934800001
3hcm,ok,,18,182,264.08981620009
3hek,ok,,30,298,437.14380316809
3hf8,ok,,38,246,527.17007989609
3hfb,ok,,33,263,439.21285252409
3hig,ok,,23,310,281.1388934800001
3hit,skip,rdkit_parse_failed,0,0,0.0
3hk1,ok,,22,345,339.0235145160001
3hkn,ok,,47,261,699.1680489639999
3hkq,ok,,15,343,243.041272756
3hkt,ok,,26,315,405.094096176
3gy3,ok,,27,255,340.18992600800016
3gy4,ok,,11,319,135.079647288
3gy7,ok,,10,335,120.06874825599999
3h1x,ok,,25,213,357.0767856719999
3h30,ok,,20,295,318.01741222399994
3h5b,ok,,42,342,601.2457862079998
3h78,ok,,10,420,137.047678464
3h89,ok,,72,179,972.6200822800001
3h8b,ok,,71,165,958.6408177240002
3hb4,ok,,30,345,405.2303938519999
3hku,ok,,22,335,339.098787632
3hkw,ok,,41,250,581.1995849639999
3hky,ok,,41,245,581.1995849639999
3hl5,ok,,37,143,507.3078155280901
3hl7,skip,rdkit_parse_failed,0,0,0.0
3hl8,ok,,20,216,307.054610748
3hll,ok,,30,312,476.054711008
3hmo,ok,,35,295,467.20776714409004
3hmp,ok,,16,323,233.071975064
3hp9,ok,,23,255,345.037955552
3hs4,ok,,13,358,221.988132052
3hu3,ok,,31,306,522.972901842
3hub,ok,,36,309,513.20632317209
3huc,skip,rdkit_parse_failed,0,0,0.0
3hv8,skip,rdkit_parse_failed,0,0,0.0
3hvi,ok,,40,263,550.197610804
3hvj,ok,,41,259,564.213260868
3hww,ok,,10,286,146.02152329199998
3hzk,ok,,34,226,498.15847025999983
3hzm,ok,,16,281,238.068867408
3i7e,ok,,39,340,562.2348871759999
3i9g,ok,,25,245,380.2560363980899
3iae,ok,,39,357,641.1923683782701
3ibi,ok,,13,343,209.108564468
3ibl,ok,,18,295,304.07627836
3ibn,ok,,20,273,332.107578488
3ibu,ok,,15,324,237.139864596
3ies,ok,,43,314,613.112240102
3ifl,skip,rdkit_parse_failed,0,0,0.0
3igp,ok,,18,332,272.083077992
3hzv,ok,,34,210,500.17412032399983
3i25,ok,,63,277,895.3637704
3i3b,ok,,12,373,178.04773804
3i4b,skip,rdkit_parse_failed,0,0,0.0
3i4y,ok,,10,391,177.958834728
3i51,ok,,10,393,177.958834728
3i5z,skip,rdkit_parse_failed,0,0,0.0
3i60,skip,rdkit_parse_failed,0,0,0.0
3i6o,ok,,44,358,630.261101924
3i73,ok,,27,322,427.02941494000015
3ijh,ok,,20,277,296.11073222
3ikd,ok,,26,249,391.064330306
3ikg,ok,,27,238,405.07998037
3imc,skip,rdkit_parse_failed,0,0,0.0
3ime,ok,,12,363,162.031694052
3iob,ok,,19,364,283.073910276
3ioc,ok,,27,324,405.092931468
3iod,ok,,30,348,450.078009676
3ioe,ok,,25,358,371.12633977200005
3iof,ok,,18,315,288.09490216200004
3iog,ok,,14,299,271.923057074
3ip5,ok,,6,422,90.05495491609
3ip6,ok,,8,425,116.07060498009
3ip8,ok,,11,410,172.028930778
3ip9,ok,,7,413,104.07060498009
3iph,ok,,26,366,347.163376912
3ipq,ok,,41,366,582.20173264409
3ipu,ok,,34,386,479.16680552799994
3iqu,ok,,52,195,759.3032738860901
3isj,skip,rdkit_parse_failed,0,0,0.0
3jrs,ok,,19,372,266.151809184
3jrx,ok,,37,258,520.3036183679998
3juk,ok,,36,312,566.0550205679998
3juo,ok,,17,362,299.03896627208997
3jup,ok,,17,362,299.03896627208997
3jvr,skip,rdkit_parse_failed,0,0,0.0
3jvs,ok,,30,206,406.164105184
3jy0,ok,,22,324,336.05680182009
3jya,ok,,16,379,269.942139108
3jyr,ok,,44,288,646.25528998809
3iss,ok,,44,286,679.102699032
3iub,skip,rdkit_parse_failed,0,0,0.0
3iue,ok,,28,340,403.083806264
3ivc,ok,,28,338,379.105587264
3ivg,ok,,29,318,414.088557296
3ivx,ok,,30,342,428.067821852
3iw5,ok,,39,348,555.1439619079999
3iw6,ok,,29,325,398.24381830409004
3iww,ok,,29,348,517.0709834879999
3jdw,ok,,9,371,134.10443052818002
3k5x,ok,,15,300,240.06315025009
3k8c,ok,,14,356,231.01440291
3k8o,skip,rdkit_parse_failed,0,0,0.0
3k8q,skip,rdkit_parse_failed,0,0,0.0
3k97,ok,,23,333,331.097521116
3k99,ok,,19,362,255.089543276
3kdb,ok,,45,340,631.271607032
3kdc,ok,,45,339,671.1623622
3kdd,ok,,45,353,639.22146328
3kdm,ok,,21,313,288.208930136
3jzh,ok,,47,147,668.3370091961801
3jzj,ok,,44,303,646.25528998809
3k00,ok,,45,316,666.2218583639999
3k02,ok,,55,282,808.3081134080902
3k1j,ok,,27,344,427.02941494000015
3k2f,ok,,33,288,532.0239850799999
3k37,ok,,24,313,328.211055376
3k4d,ok,,13,380,191.042987008
3k4q,ok,,36,234,659.804277264
3k5v,ok,,27,342,374.099060316
3kek,ok,,33,331,451.20196791199993
3kgp,ok,,11,322,152.07060498009
3kgq,ok,,13,385,192.02700259600002
3kgt,ok,,20,377,270.05282342000004
3kgu,ok,,20,367,270.05282342000004
3kiv,ok,,9,228,132.10190510809
3kjd,skip,rdkit_parse_failed,0,0,0.0
3kku,skip,rdkit_parse_failed,0,0,0.0
3kmc,ok,,22,171,328.13255360408994
3kmx,ok,,18,301,272.075011844
3le9,ok,,26,274,352.117154992
3lea,ok,,32,251,428.14845511999994
3lgs,ok,,17,399,237.086189212
3lir,ok,,34,238,474.17506379199995
3liw,ok,,37,242,487.29472542400003
3ljg,ok,,35,244,483.200550268
3ljo,ok,,29,217,386.25505168409006
3ljz,ok,,35,280,474.17908655199994
3lk8,ok,,17,303,260.046692484
3lka,ok,,12,331,187.030314148
3l3n,skip,rdkit_parse_failed,0,0,0.0
3l4u,ok,,22,296,346.12975341199996
3l4v,ok,,26,272,426.0865682720001
3l4w,ok,,14,352,208.11794909608997
3l4x,ok,,26,291,426.0865682720001
3l4y,ok,,26,298,426.0865682720001
3l4z,ok,,20,324,336.05487421999993
3l59,ok,,18,286,251.082539748
3ldp,ok,,31,282,423.16550215199993
3ldq,ok,,31,232,423.16550215199993
3kmy,ok,,16,277,232.076726096
3kqr,ok,,8,252,142.02637081809
3kr4,ok,,22,327,309.18088370008996
3kr8,ok,,21,374,312.054418632
3kv2,ok,,12,355,177.09821669609
3kwa,ok,,14,355,206.24485264036002
3kyq,ok,,23,216,352.26112177808994
3l0v,ok,,21,305,290.101504928
3l3l,ok,,19,291,260.13935323609
3l3m,skip,rdkit_parse_failed,0,0,0.0
3lxk,skip,rdkit_parse_failed,0,0,0.0
3lzs,ok,,38,347,547.2352215239999
3lzu,ok,,38,344,547.2352215239999
3lzz,skip,rdkit_parse_failed,0,0,0.0
3m1k,ok,,8,378,129.024834844
3m35,ok,,37,189,533.12650083209
3m36,ok,,37,232,533.12650083209
3m37,ok,,37,234,534.12174980009
3m3c,ok,,35,139,504.1591389559999
3m3x,ok,,24,286,353.07938957999994
3lmk,ok,,10,392,148.06043422009
3lp4,ok,,10,328,148.12008059218
3lp7,ok,,14,354,191.11386676009
3lpi,ok,,46,276,657.29167433609
3lpk,ok,,48,278,685.2865889560899
3lpl,ok,,11,368,205.974525856
3lpp,ok,,26,304,426.0865682720001
3lq2,ok,,26,345,425.0444196280899
3lvw,ok,,20,337,308.09108271608994
3lxe,ok,,22,351,339.098787632
3mfv,skip,rdkit_parse_failed,0,0,0.0
3mfw,skip,rdkit_parse_failed,0,0,0.0
3mhc,ok,,22,314,342.082032436
3mhi,ok,,22,294,325.04808945199994
3mhl,ok,,23,317,339.06373951599994
3mhm,ok,,29,259,414.11102405599996
3mho,ok,,22,307,357.996109892
3mhw,ok,,10,351,150.025169192
3mi2,skip,rdkit_parse_failed,0,0,0.0
3mi3,ok,,10,400,148.12008059218
3m3z,ok,,25,275,353.144766708
3m40,ok,,21,317,328.99855241599994
3m5e,ok,,23,306,372.011759956
3m67,skip,rdkit_parse_failed,0,0,0.0
3m6r,ok,,27,300,385.25767122
3m8u,ok,,40,327,614.16651536818
3m96,skip,rdkit_parse_failed,0,0,0.0
3mam,ok,,8,306,118.08625504409
3mdz,ok,,16,340,258.01328418
3mf5,ok,,27,259,376.14970100799997
3miy,skip,rdkit_parse_failed,0,0,0.0
3mjl,skip,rdkit_parse_failed,0,0,0.0
3ml2,ok,,27,269,388.072907232
3ml5,ok,,13,361,221.988132052
3mmf,ok,,22,296,344.045836956
3mna,ok,,24,288,372.040751576
3mof,ok,,6,392,89.99530854400001
3ms9,ok,,12,356,185.024356176
3mss,ok,,21,224,285.15975433209
3muz,ok,,15,311,238.087494676
3mv0,ok,,12,375,178.04773804
3mxd,ok,,44,344,625.2094006999998
3mxe,ok,,47,328,690.1793614359999
3myg,skip,rdkit_parse_failed,0,0,0.0
3myq,skip,rdkit_parse_failed,0,0,0.0
3mz6,ok,,22,174,305.173941596
3mzc,ok,,19,321,283.09906240400005
3n0n,ok,,25,278,381.020653216
3n1c,ok,,16,340,260.02971862600003
3n2p,ok,,23,306,336.052840484
3n8k,ok,,11,410,155.02185763999998
3n9r,ok,,15,319,243.050788418
3n9s,ok,,19,312,323.01711893999993
3nb5,ok,,24,268,368.05975570400005
3nee,ok,,24,336,328.16745924799994
3neo,ok,,28,359,376.16745924799994
3nes,ok,,24,345,328.16745924799994
3nex,ok,,28,356,376.16745924799994
3ng4,ok,,23,169,342.11621152399994
3nhi,ok,,23,353,324.26644501199996
3n2u,ok,,31,233,466.1257306519999
3n2v,ok,,24,284,350.093642676
3n35,ok,,15,241,221.0899372
3n3g,ok,,29,194,406.19694892018003
3n3j,ok,,23,287,333.11471246800005
3n4b,ok,,21,316,309.058340464
3n76,ok,,22,389,306.110338296
3n7a,ok,,12,382,174.05282342
3n7o,ok,,28,272,441.01668509
3n86,ok,,23,384,321.12123732800006
3nu3,ok,,35,354,505.2246568399999
3nu4,ok,,35,352,505.2246568399999
3nu5,ok,,35,352,505.2246568399999
3nu6,ok,,35,348,505.2246568399999
3nu9,ok,,35,339,505.2246568399999
3nuj,ok,,35,355,505.2246568399999
3nuo,ok,,35,352,505.2246568399999
3nw3,ok,,34,310,492.206757844
3nx7,ok,,20,277,304.072907232
3nxq,ok,,34,297,498.187950582
3nht,ok,,23,325,318.255880328
3ni5,ok,,30,251,481.00319005999995
3nik,ok,,32,226,446.23577278409
3nim,ok,,35,223,473.2942907040901
3nkk,ok,,12,327,152.074976508
3nox,ok,,28,244,420.09885666008995
3npc,ok,,39,340,528.29691649609
3nq3,ok,,12,383,172.14632988
3nq9,ok,,10,306,144.115029752
3nsn,ok,,57,184,831.3717167080902
3o8p,ok,,21,325,306.124738908
3o99,ok,,39,348,561.2508715879999
3o9a,ok,,40,346,576.2505372399999
3o9d,ok,,41,347,603.2072925239999
3o9e,ok,,40,345,575.2665216519999
3o9i,ok,,42,341,617.2229425879998
3o9p,ok,,27,350,392.18961669617994
3oaf,ok,,22,336,334.050049744
3ocp,ok,,22,309,329.0525197340001
3ocz,ok,,23,306,363.04024079800007
3nyd,skip,rdkit_parse_failed,0,0,0.0
3nyx,ok,,25,385,403.962701588
3nzk,ok,,32,354,438.20234741608994
3o4k,ok,,54,307,777.5107168160902
3o56,ok,,31,270,425.21753772400007
3o5n,ok,,22,309,306.08518616799995
3o5x,ok,,42,182,557.2063043439999
3o75,ok,,16,393,260.02971862600003
3o7u,ok,,9,410,147.01976306199998
3o84,ok,,25,276,330.111675688
3ove,ok,,38,194,555.2094142980001
3ovn,ok,,12,326,179.051718288
3owj,skip,rdkit_parse_failed,0,0,0.0
3own,ok,,49,255,692.3243708759999
3oy0,ok,,21,311,312.150763628
3oy8,ok,,24,177,358.1111261439999
3oyq,ok,,19,325,284.1194635
3oyw,ok,,23,180,358.09336790399993
3ozg,skip,rdkit_parse_failed,0,0,0.0
3ozj,ok,,22,381,304.13107374000003
3oe4,ok,,33,272,458.11861153599995
3oe5,ok,,31,273,449.0892855679999
3ohi,ok,,20,310,329.0065542560001
3oil,ok,,26,304,379.18172940799997
3oim,ok,,26,281,379.18172940799997
3ok9,ok,,42,344,604.2454518599999
3oku,ok,,26,286,377.166079344
3old,ok,,66,238,970.3609368280903
3ouj,ok,,10,414,146.02152329199998
3ov1,ok,,34,194,499.146814042
3ozp,ok,,25,269,353.12229994800003
3ozr,ok,,24,266,340.0906654719999
3ozs,ok,,33,281,474.0998481639999
3ozt,ok,,31,270,433.11212918799987
3p17,ok,,26,258,353.19720246009007
3p2e,ok,,26,315,385.12886519209013
3p3g,ok,,27,342,360.111006992
3p3r,ok,,20,363,277.038650576
3p3s,skip,rdkit_parse_failed,0,0,0.0
3p3t,skip,rdkit_parse_failed,0,0,0.0
3p4v,ok,,22,268,327.050964848
3p58,ok,,12,359,197.033291352
3p5l,ok,,17,316,262.059840448
3p5o,ok,,30,263,423.14620262400007
3p7i,ok,,7,425,126.03145619809
3p8n,ok,,57,177,868.246510248
3p8o,ok,,56,176,790.33599818
3p8p,ok,,16,402,216.17065336409
3p8z,ok,,34,298,509.13684303208987
3p9l,ok,,68,236,964.5582353321801
3pn4,ok,,27,308,385.25767122
3po1,ok,,21,289,295.08593776009
3po6,ok,,19,329,286.09872805599997
3ppm,ok,,25,360,335.163376912
3ppp,ok,,8,405,118.08625504409
3ppq,ok,,7,390,104.10699048808999
3ppr,ok,,10,399,146.10443052818
3prs,ok,,50,268,720.312760636
3ps1,ok,,28,347,375.12190602400005
3pwd,ok,,20,336,271.04807238800004
3pcn,ok,,12,361,168.042258736
3pd8,ok,,13,405,185.05568318809
3pd9,ok,,13,411,185.05568318809
3pe1,ok,,25,333,349.06180430399996
3pe2,ok,,26,332,340.096025624
3pfp,ok,,19,340,322.02186997199993
3pgl,skip,rdkit_parse_failed,0,0,0.0
3pgu,ok,,13,390,182.130679816
3pju,ok,,46,287,690.0948687079998
3pn1,ok,,24,340,355.131425152
3pwk,ok,,12,326,172.073558864
3pwm,ok,,38,357,547.2352215239999
3pww,ok,,49,268,671.3915451520899
3pyy,ok,,25,308,336.102253876
3q1x,ok,,7,379,106.04986953609
3q2j,ok,,18,326,286.04115175609
3q44,ok,,30,309,415.22274851209005
3q6w,ok,,39,315,519.2503006520901
3q6z,ok,,36,261,559.0716736759997
3q71,ok,,36,292,559.0716736759997
3qlm,ok,,18,261,256.240230264
3qox,ok,,26,375,385.12886519209013
3qps,ok,,29,315,408.2875743799999
3qqa,ok,,35,315,515.2916737799999
3qqs,ok,,19,323,257.068807832
3qt6,ok,,20,354,333.00146887600005
3qto,skip,rdkit_parse_failed,0,0,0.0
3qtv,skip,rdkit_parse_failed,0,0,0.0
3qw5,ok,,40,236,534.3259251800902
3qwc,skip,rdkit_parse_failed,0,0,0.0
3q7q,skip,rdkit_parse_failed,0,0,0.0
3qaa,ok,,41,351,592.2454518599999
3qbc,skip,rdkit_parse_failed,0,0,0.0
3qdd,ok,,22,331,318.09958678000004
3qfd,ok,,57,238,814.50328041609
3qfy,ok,,10,379,148.09681972809
3qfz,ok,,11,378,164.09173434809
3qgw,ok,,22,209,291.100776656
3qgy,ok,,30,194,404.196074008
3qkd,ok,,58,268,838.28392450418
3qx5,skip,rdkit_parse_failed,0,0,0.0
3qx9,ok,,31,197,506.99574546200006
3qxt,ok,,33,266,454.1713158039999
3qxv,ok,,33,277,454.1713158039999
3r16,ok,,19,317,296.02893424399997
3r17,ok,,20,323,314.019512432
3r1v,ok,,18,358,240.126263132
3r24,ok,,27,296,401.16016532009013
3r4m,ok,,16,332,235.05123962
3r4n,ok,,23,313,345.08557444
3p9m,ok,,64,240,907.5367716161802
3pb7,ok,,22,232,320.13069688
3pb8,skip,rdkit_parse_failed,0,0,0.0
3pb9,ok,,12,308,158.08439832
3pbb,ok,,22,233,320.13069688
3pce,ok,,11,352,152.047344116
3pcf,ok,,11,371,156.02227224
3pcg,ok,,11,356,152.047344116
3pcj,ok,,11,367,155.02185764
3pck,ok,,11,370,155.02185764
3rf5,ok,,16,347,217.073893212
3rlb,ok,,18,368,265.11175858409
3rlp,ok,,18,332,283.027917332
3rlq,skip,rdkit_parse_failed,0,0,0.0
3rlr,skip,rdkit_parse_failed,0,0,0.0
3rm4,skip,rdkit_parse_failed,0,0,0.0
3rm9,ok,,17,288,238.09852415999998
3roc,ok,,31,318,449.0953901759999
3rr4,skip,rdkit_parse_failed,0,0,0.0
3rsx,ok,,16,280,226.05646932
3r4p,ok,,34,282,509.0945346480001
3r5t,ok,,51,191,711.3104601001801
3r6u,ok,,7,376,104.10699048808999
3r7o,ok,,40,317,565.2227655760901
3r88,ok,,14,272,197.068807832
3rbu,ok,,14,365,226.02423932200003
3rdo,ok,,16,312,244.088163372
3rdq,ok,,15,315,214.131742436
3re4,ok,,21,339,291.096753896
3rf4,ok,,21,321,330.007720132
3ryy,ok,,16,350,242.072513308
3ryz,ok,,24,297,382.02221068800003
3rz0,ok,,17,342,256.088163372
3rz1,ok,,27,266,432.01901712800003
3rz5,ok,,18,328,270.103813436
3rz7,ok,,30,255,482.01582356800003
3rz8,ok,,19,324,284.1194635
3s0b,ok,,17,432,219.104799416
3s0d,ok,,11,414,156.17467612408998
3s0e,ok,,12,422,164.083729624
3rt8,ok,,15,375,234.02760986809
3rtf,ok,,15,390,234.02760986809
3ru1,ok,,23,285,311.19976242000007
3rux,ok,,38,320,571.163136268
3rv4,ok,,27,363,427.02941494000015
3rv8,ok,,19,313,262.04773804
3rwp,ok,,34,317,461.1975512280001
3ryj,ok,,18,336,282.02859780800003
3ryv,ok,,15,356,228.056863244
3ryx,ok,,21,317,332.02540424800003
3s2v,ok,,26,280,396.03185358809003
3s43,ok,,35,349,505.2246568399999
3s45,ok,,35,352,505.2246568399999
3s54,ok,,38,345,547.2352215239999
3s5y,ok,,11,338,164.09173434809
3s6t,ok,,25,244,353.12229994800003
3s71,ok,,13,368,197.014664084
3s72,skip,rdkit_parse_failed,0,0,0.0
3s73,ok,,13,354,213.987069432
3s75,ok,,9,386,146.99901402
3s76,skip,rdkit_parse_failed,0,0,0.0
3s77,ok,,9,394,163.971419368
3s78,ok,,9,392,162.9761704
3s8l,ok,,35,192,513.162464106
3s8n,ok,,36,190,527.1781141700001
3s8o,ok,,37,190,541.193764234
3s9e,ok,,10,414,148.06043422009
3sfg,ok,,17,263,260.046692484
3sha,ok,,27,257,387.15823010809004
3shc,ok,,27,270,387.15823010809004
3si3,ok,,26,255,353.19720246009007
3si4,skip,rdkit_parse_failed,0,0,0.0
3sio,ok,,49,246,683.35382225209
3sjf,ok,,30,353,551.0587045520001
3sk2,ok,,21,300,284.07970686399995
3slz,ok,,66,342,908.4683922480001
3sm2,ok,,35,353,505.2246568399999
3spf,ok,,37,170,526.2699716281801
3sr4,ok,,27,372,399.1445152560899
3st5,ok,,40,342,576.25053724
3std,ok,,28,372,364.16879664
3str,ok,,44,232,640.209548216
3su0,ok,,51,209,729.2843772079999
3su1,ok,,51,205,729.2843772079999
3su2,ok,,51,210,729.2843772079999
3su3,ok,,53,202,755.3563992760002
3su4,ok,,53,206,755.3563992760002
3su5,ok,,53,199,755.3563992760002
3su6,ok,,53,203,757.3720493400001
3sue,ok,,54,207,766.33599818
3suf,ok,,54,196,766.33599818
3sug,ok,,54,190,766.33599818
3sur,ok,,14,340,219.056528896
3sus,ok,,14,342,222.07945541209
3sut,ok,,25,276,356.14522646409
3suu,ok,,25,279,356.14522646409006
3suv,ok,,14,331,205.11828344409
3suw,ok,,16,316,231.13393350809
3sv2,ok,,26,261,353.19720246009007
3sw8,ok,,17,340,276.00684754
3t83,ok,,28,314,425.09918155599996
3t84,ok,,19,355,301.0467520600001
3t85,ok,,22,335,343.05731674400005
3t8v,ok,,40,301,559.31262613609
3ta0,ok,,31,313,506.99574546200006
3ta1,ok,,27,346,427.02941494000015
3tao,ok,,10,362,170.993273542
3tay,ok,,23,169,339.11654587199996
3tb6,ok,,10,411,150.05282342
3tcg,ok,,23,328,334.1841373921799
3t2q,ok,,12,371,178.04773804
3t2w,ok,,16,350,244.088163372
3t3c,ok,,38,340,547.2352215239999
3t3u,ok,,29,369,389.20843584009003
3t5u,ok,,11,379,173.014664084
3t60,ok,,35,256,470.20743279608996
3t64,ok,,29,278,394.17613266808996
3t6b,skip,rdkit_parse_failed,0,0,0.0
3t70,ok,,30,273,408.19178273208996
3t82,ok,,22,339,343.057316744
3td4,ok,,13,258,192.10990983218
3tf6,ok,,11,318,154.026608672
3tfn,ok,,31,343,421.24856933609004
3tfp,ok,,29,350,464.975997348
3tfu,ok,,27,324,397.10388661
3th9,ok,,34,353,492.20942137599997
3tif,ok,,27,318,427.02941494000015
3tk2,ok,,12,333,166.08625504409
3tkw,ok,,38,347,547.2352215239999
3tmk,ok,,55,310,891.0081133699999
3ts4,ok,,40,258,565.1882713319999
3tsk,ok,,40,254,564.204255744
3tt4,ok,,26,296,374.13002818399997
3ttm,ok,,6,432,90.11460128818001
3ttp,ok,,38,199,547.2352215239999
3tu7,ok,,34,245,478.2362245680001
3tvc,ok,,32,318,430.189257312
3twp,ok,,10,264,138.031694052
3tz0,ok,,9,406,150.044757272
3tza,ok,,21,349,317.05349026808994
3tzm,skip,rdkit_parse_failed,0,0,0.0
3u10,ok,,22,413,329.0525197340001
3u5j,ok,,22,278,308.082874096
3u5l,ok,,23,274,323.093773128
3u6h,ok,,39,359,529.18817457209
3u6i,ok,,40,336,542.1965481839999
3u81,ok,,26,304,385.12886519209013
3u8j,ok,,13,394,178.13387393208998
3u8k,ok,,16,364,222.16008868008998
3u8l,ok,,19,339,254.16517406008998
3u8n,ok,,17,373,300.07060074809
3u90,ok,,17,194,266.155180312
3u92,ok,,15,374,214.10738441209
3u93,ok,,10,405,148.06043422009
3u9q,ok,,12,366,172.14632988
3ubd,ok,,37,319,516.1267762079999
3ucj,ok,,13,358,221.988132052
3udd,ok,,29,297,409.12086046800005
3udh,ok,,14,316,189.10223945609
3ueu,ok,,14,367,200.177630008
3uev,ok,,16,357,228.208930136
3uew,ok,,18,341,256.240230264
3uex,ok,,20,357,284.271530392
3ug2,ok,,31,251,447.15937298009004
3ui7,skip,rdkit_parse_failed,0,0,0.0
3uil,ok,,14,191,200.177630008
3uj9,ok,,11,368,184.07332101009
3ujc,ok,,11,362,184.07332101009
3ujd,ok,,11,368,184.07332101009
3umq,ok,,6,239,88.052429496
3sww,ok,,25,251,380.09270866008995
3sxf,ok,,26,378,347.17461029200007
3t01,ok,,7,346,125.971809826
3t08,ok,,15,315,238.087494676
3t09,ok,,12,372,178.04773804
3t0b,ok,,15,316,238.087494676
3t0d,ok,,12,363,178.04773804
3t0x,skip,rdkit_parse_failed,0,0,0.0
3t1a,skip,rdkit_parse_failed,0,0,0.0
3t1m,ok,,31,198,429.17875220400003
3uuo,skip,rdkit_parse_failed,0,0,0.0
3uw4,ok,,35,191,499.2485864000901
3uw5,ok,,35,199,499.2485864000901
3uxd,skip,rdkit_parse_failed,0,0,0.0
3uxk,ok,,10,408,137.047678464
3uxl,ok,,10,407,137.03455382009
3uyr,skip,rdkit_parse_failed,0,0,0.0
3uz5,skip,rdkit_parse_failed,0,0,0.0
3uzj,skip,rdkit_parse_failed,0,0,0.0
3v2n,ok,,16,415,228.208930136
3uo4,ok,,29,343,382.14297581599993
3uod,ok,,27,343,374.09906031599996
3up2,ok,,28,350,390.09397493599994
3upk,ok,,39,305,607.0815696639999
3upv,ok,,55,178,788.36724044809
3uri,skip,rdkit_parse_failed,0,0,0.0
3usx,ok,,16,215,228.208930136
3utu,ok,,48,228,679.197980488
3uu1,ok,,12,276,165.078978592
3uug,ok,,13,409,194.04265266000002
3v2p,ok,,20,415,284.271530392
3v2q,ok,,18,414,256.240230264
3v3q,ok,,27,300,380.2198887439999
3v4t,ok,,39,314,607.0815696639999
3v51,ok,,32,386,443.1512880039999
3v5p,ok,,26,366,353.20843584009
3v5t,ok,,31,364,419.25538603209
3v78,ok,,24,386,315.17354767200004
3v7x,ok,,25,270,364.10929273999994
3vbd,ok,,22,312,319.11108988809
3vhc,ok,,29,304,406.14634694400013
3vhd,ok,,27,304,385.15724597600007
3vhk,ok,,22,359,295.12084340399997
3vjc,ok,,49,237,690.288756152
3vje,ok,,49,275,690.288756152
3vtr,ok,,57,167,831.3717167080902
3vvy,ok,,24,362,315.17354767200004
3vw1,ok,,28,335,373.2517979920001
3vw2,skip,rdkit_parse_failed,0,0,0.0
3vx3,ok,,27,336,427.02941494000015
3w07,ok,,21,412,324.035866626
3w37,ok,,44,230,646.25528998809
3w5n,ok,,11,359,164.068473484
3w9k,ok,,16,376,228.208930136
3w9r,ok,,19,217,264.13615912
3wgg,ok,,44,171,665.1247718679999
3wha,ok,,28,200,415.086973496
3wjw,ok,,22,417,338.05151668999997
3wmc,ok,,28,114,401.18744894418006
3wtj,ok,,16,243,252.02364496799999
3wtl,ok,,17,231,254.057053272
3wtm,ok,,17,232,254.057053272
3wtn,ok,,14,253,208.05157396799999
3wto,ok,,14,249,208.05157396799999
3wvm,ok,,20,222,284.271530392
3wz6,ok,,33,151,456.17402449209
3wz7,skip,rdkit_parse_failed,0,0,0.0
3wz8,ok,,33,163,455.16674804
3wzn,ok,,16,236,244.088163372
3x00,ok,,24,183,340.1932971360001
3zbx,ok,,27,362,356.1185726360001
3zc5,ok,,27,359,355.15454354400003
3zcl,skip,rdkit_parse_failed,0,0,0.0
3zdg,ok,,13,381,189.15975433209
3zdh,ok,,14,382,198.16008868008998
3zdv,ok,,25,187,375.13517314
3zhx,ok,,25,261,403.01431460199996
3zi0,ok,,31,231,484.04701169799995
3zi8,ok,,10,291,148.073558864
3zj6,ok,,18,227,260.18563473209
3zk6,ok,,41,206,586.17084744
3zll,ok,,17,300,233.080041212
3zln,ok,,30,327,414.115046816
3zlr,ok,,41,300,584.1784582400901
3zm9,ok,,37,232,493.29539412000014
3znr,ok,,36,283,516.144296256
3zns,ok,,37,278,528.16755712009
3zps,ok,,48,331,730.31737293609
3zpu,ok,,49,326,742.3173729360899
3zq9,ok,,22,247,326.14455776808995
3vd4,ok,,15,314,238.087494676
3vd9,ok,,15,319,238.087494676
3vdb,ok,,12,376,178.04773804
3veh,ok,,17,393,242.079038168
3vf5,ok,,42,347,601.2457862079998
3vf7,ok,,42,351,601.2457862079998
3vfa,ok,,42,336,601.2457862079998
3vfb,ok,,42,344,601.2457862079998
3vh9,ok,,11,310,145.052763844
3vha,ok,,27,290,379.1354479120001
3zqe,ok,,28,219,392.29265975999994
3zso,ok,,44,221,595.2438778800899
3zsq,ok,,39,224,531.2489632600899
3zsx,ok,,34,227,459.19144838408994
3zsy,ok,,32,237,439.22274851208994
3zt2,ok,,23,300,308.0684734839999
3zt3,ok,,23,301,310.0841235479999
3zv7,ok,,14,354,191.11788952009
3zxz,ok,,28,350,372.144707132
3zyf,ok,,21,184,301.07976644
4a7i,ok,,24,276,394.10203776008996
4a95,ok,,22,340,314.145284324
4ab9,ok,,11,306,148.07569036009
4aba,ok,,12,280,197.02016670809
4abb,ok,,11,296,164.05284674009
4abd,ok,,13,283,173.10732483609
4abe,ok,,13,285,174.10257380408999
4abf,ok,,12,289,241.96335880809
4abg,ok,,15,265,207.17245051217998
4abh,ok,,13,287,177.13862496408998
3zyu,ok,,31,240,415.164439532
3zze,ok,,25,347,360.11094556809
456c,ok,,28,300,425.06998603999995
4a4q,ok,,53,319,720.3755607400901
4a4v,ok,,22,339,306.183109312
4a4w,ok,,30,329,408.230059504
4a6b,ok,,54,318,733.3959618360901
4a6c,ok,,54,321,734.3912108040901
4a6l,ok,,30,244,403.18163264809
4a6s,ok,,22,179,322.087494676
4acc,ok,,31,319,442.16558504809007
4aci,ok,,13,369,192.02700259600002
4ad2,ok,,21,253,310.14964314809
4ad3,ok,,22,259,326.14455776809
4ad6,skip,rdkit_parse_failed,0,0,0.0
4afg,ok,,16,358,212.11822386808998
4ag8,skip,rdkit_parse_failed,0,0,0.0
4agc,skip,rdkit_parse_failed,0,0,0.0
4agl,ok,,13,251,403.90028642409
4agm,ok,,21,207,516.01236229218
4agn,ok,,24,225,444.12627900817995
4ago,ok,,31,204,543.19469291618
4agp,ok,,30,213,520.15757913618
4agq,ok,,30,212,519.17356354818
4ahr,ok,,14,365,194.0579088
4ahs,ok,,12,377,162.031694052
4ahu,skip,rdkit_parse_failed,0,0,0.0
4ai5,ok,,11,330,149.070145224
4aia,ok,,11,317,149.070145224
4aj4,ok,,21,261,322.04458430799997
4avh,ok,,19,256,296.129359488
4avi,ok,,24,226,350.19406791999995
4avj,ok,,27,222,381.1536000759999
4avs,ok,,11,148,157.073893212
4ax9,ok,,40,245,558.2260538080001
4axd,ok,,31,322,506.0117298740001
4ayp,ok,,24,331,372.10901796799993
4ayq,ok,,14,351,200.079706864
4ayu,ok,,11,149,157.073893212
4az5,ok,,14,347,222.07945541209
4az6,ok,,25,297,353.12229994800003
4azb,ok,,25,291,353.12229994800003
4azc,ok,,14,306,222.07945541209
4azg,ok,,25,264,353.12229994800003
4azi,ok,,25,285,353.12229994800003
4b0b,ok,,14,400,186.07931294
4b1j,ok,,35,312,543.1000199200898
4b2i,skip,rdkit_parse_failed,0,0,0.0
4b2l,skip,rdkit_parse_failed,0,0,0.0
4b32,ok,,11,266,144.057514876
4ara,ok,,25,313,351.2026817640901
4arb,ok,,25,315,351.2026817640901
4arw,ok,,25,325,352.12052612
4asd,ok,,32,369,464.086302712
4ase,ok,,32,380,454.10439738800005
4asj,ok,,28,352,386.10487605599997
4att,ok,,23,227,324.12090298
4auj,ok,,22,243,310.105252916
4av4,ok,,21,251,295.10558726400006
4av5,ok,,27,205,370.141638424
4aje,ok,,15,385,273.94768542400004
4aji,ok,,18,390,254.079038168
4ajl,ok,,21,297,306.11504681599996
4alx,ok,,20,358,276.15941998409
4aoi,skip,rdkit_parse_failed,0,0,0.0
4ap7,ok,,24,369,321.10258822400004
4app,skip,rdkit_parse_failed,0,0,0.0
4aq4,ok,,10,404,172.01367463800003
4aq6,ok,,12,369,168.042258736
4aqh,ok,,23,360,317.1487894680001
4b33,ok,,11,286,144.057514876
4b34,ok,,10,305,150.025169192
4b35,skip,rdkit_parse_failed,0,0,0.0
4b3b,skip,rdkit_parse_failed,0,0,0.0
4b3c,skip,rdkit_parse_failed,0,0,0.0
4b3d,skip,rdkit_parse_failed,0,0,0.0
4b5d,ok,,18,331,249.15975433209
4b5s,ok,,6,382,88.01604398799999
4b5t,ok,,7,386,102.031694052
4b5w,ok,,6,385,90.03169405199999
4bc5,ok,,10,287,152.048486988
4bck,ok,,27,306,401.07286472000004
4bcm,ok,,33,316,485.13037959599995
4bcn,ok,,24,340,340.110630132
4bco,ok,,33,328,462.19502845200003
4bcp,ok,,30,336,421.1917402200901
4bcs,ok,,16,247,244.088163372
4bf1,ok,,24,151,356.040167624
4bf6,ok,,22,164,331.01976652800005
4bi6,ok,,9,375,155.98237451
4b8y,ok,,48,178,687.31876788
4b9k,ok,,32,219,450.17256169199993
4b9z,ok,,44,245,646.25528998809
4bah,ok,,32,267,430.24488092409007
4bak,ok,,35,256,471.3078155280901
4bam,ok,,34,264,457.2921654640901
4ban,ok,,33,260,443.2765154000901
4bao,ok,,32,265,429.2608653360901
4baq,ok,,34,255,457.2921654640901
4bb9,ok,,16,393,260.02971862600003
4bs0,skip,rdkit_parse_failed,0,0,0.0
4bt3,ok,,9,423,134.0579088
4bt4,ok,,9,427,134.0579088
4bt5,ok,,9,426,134.0579088
4btk,ok,,22,336,297.11134134
4bup,ok,,27,317,401.16016532009013
4buq,ok,,19,171,278.172938552
4c1t,ok,,37,332,546.1795996279998
4c1u,ok,,28,321,414.1373408919999
4c1y,ok,,12,168,178.084123548
4bi7,ok,,9,375,155.98237451
4bj8,ok,,16,394,244.088163372
4bks,ok,,24,234,329.13755608800005
4bkt,ok,,19,235,267.121906024
4bny,ok,,21,391,297.0935831
4bps,ok,,14,396,194.0579088
4bqg,ok,,17,354,269.985049476
4bqh,ok,,25,348,403.0055346479999
4bqs,ok,,15,355,212.068473484
4br3,ok,,33,239,436.2244202520901
4b6o,ok,,22,361,310.1052529159999
4b6p,ok,,25,386,370.0475791719999
4b6r,ok,,22,377,310.1052529159999
4b6s,ok,,25,384,370.0475791719999
4b73,ok,,25,320,365.14266029609
4b74,ok,,28,325,409.19213590818
4b76,ok,,17,319,236.08814686409
4b7j,ok,,20,314,287.19653376409
4b7p,ok,,33,295,455.15612549609006
4b7r,ok,,20,305,287.19653376409
4c2v,skip,rdkit_parse_failed,0,0,0.0
4c52,ok,,35,168,502.17378481599997
4c5d,ok,,39,165,614.06864682
4c6u,ok,,16,372,238.066365308
4c9x,ok,,30,178,450.1258203560901
4ca5,ok,,51,305,711.2345664260001
4ca6,ok,,51,295,711.2345664260001
4ca7,ok,,51,298,711.2345664260001
4ca8,ok,,51,296,711.2345664260001
4cc5,skip,rdkit_parse_failed,0,0,0.0
4ciw,ok,,15,241,218.079038168
4cj4,ok,,28,152,384.1685218679999
4cjp,ok,,28,152,384.1685218679999
4cjq,skip,rdkit_parse_failed,0,0,0.0
4cjr,ok,,36,138,493.1969276880899
4ck3,ok,,26,160,365.20709844809005
4cl6,skip,rdkit_parse_failed,0,0,0.0
4clj,ok,,30,184,406.1553520680001
4cmo,ok,,29,182,397.15501772
4cp5,ok,,27,157,462.9881579819999
4cd0,ok,,33,183,470.15363781600007
4cd4,ok,,21,176,310.14964314809
4cd5,ok,,25,171,362.1325302839999
4ceb,ok,,42,242,575.2387925000899
4cfl,ok,,23,160,307.14410426809
4cg8,ok,,42,144,577.30925144409
4cg9,ok,,22,194,289.16992509209
4cga,ok,,24,184,317.20122522009
4cgi,ok,,31,254,425.20709844808994
4cig,ok,,37,138,499.22274851208994
4crb,ok,,40,163,557.1578299280001
4crc,skip,rdkit_parse_failed,0,0,0.0
4crf,ok,,39,167,542.1356975159999
4crl,ok,,35,181,473.27986946409004
4cs9,ok,,23,96,347.0630844180001
4csd,ok,,12,188,178.084123548
4css,ok,,29,134,425.11443769599987
4cst,ok,,27,150,391.08226497600003
4cu7,ok,,10,245,148.09681972809
4cu8,ok,,11,239,164.09173434809
4cp7,ok,,55,188,759.48036015609
4cpr,ok,,54,191,760.4102319960901
4cps,ok,,53,187,727.4177599000899
4cpt,ok,,53,193,727.4177599000899
4cpw,ok,,52,192,730.36328180409
4cpy,ok,,20,197,285.18088370009
4cpz,ok,,24,209,334.14884904400014
4cr5,ok,,12,224,179.013791492
4cr9,ok,,13,206,173.095297352
4cra,ok,,38,163,507.1906542800001
4cwf,ok,,17,190,227.11709541599998
4cwn,ok,,25,210,335.138224784
4cwo,ok,,23,194,307.106924656
4cwp,ok,,24,213,319.10692465599993
4cwq,ok,,28,205,398.07972392800013
4cwr,ok,,25,215,337.0975028439999
4cws,ok,,28,214,378.1440384359999
4cwt,ok,,29,174,396.13461662399993
4czs,skip,rdkit_parse_failed,0,0,0.0
4d1j,ok,,11,206,164.09173434809
4d3h,ok,,44,145,658.1050394679999
4d4d,ok,,21,178,310.14964314809
4d7b,ok,,20,222,273.06372245200004
4d8z,ok,,19,305,265.081103832
4da5,ok,,22,276,374.02013797609
4daf,ok,,18,313,251.065453768
4db7,ok,,18,315,251.065453768
4dbm,ok,,29,266,392.2081014920901
4dcs,skip,rdkit_parse_failed,0,0,0.0
4ddh,ok,,15,361,206.0579088
4ddk,ok,,12,348,166.026608672
4ddm,ok,,12,361,179.999348368
4de0,skip,rdkit_parse_failed,0,0,0.0
4de1,skip,rdkit_parse_failed,0,0,0.0
4de2,skip,rdkit_parse_failed,0,0,0.0
4de5,ok,,13,362,180.04225873599998
4del,ok,,10,382,170.993273542
4der,ok,,20,364,270.05282342
4des,ok,,19,395,254.0579088
4det,ok,,21,348,286.04773803999996
4deu,ok,,20,358,272.068473484
4dew,ok,,21,365,286.04773804
4dff,ok,,22,274,313.08849772
4dfg,ok,,44,346,633.2720009559999
4dhl,ok,,15,219,219.035399528
4djo,ok,,40,339,617.172926884
4djp,ok,,39,347,564.2505372399999
4djq,ok,,40,336,576.2617706199999
4djr,ok,,40,338,588.207626872
4dju,ok,,21,293,265.1215121
4djv,ok,,29,283,371.163376912
4djw,ok,,27,300,342.14806119600007
4djx,ok,,25,302,340.10908884400004
4djy,ok,,27,292,344.16371126000007
4dko,ok,,25,286,370.16920939209
4dkp,ok,,24,298,348.09095907209
4dkq,ok,,28,285,389.10548068400004
4dkr,ok,,28,270,389.1054806840001
4dld,ok,,21,349,317.05349026808994
4dmw,ok,,25,269,404.0021971479999
4e0x,ok,,15,368,214.10738441209
4e1k,ok,,29,245,386.13789043599996
4e3g,ok,,10,334,138.031694052
4e4l,skip,rdkit_parse_failed,0,0,0.0
4e4n,skip,rdkit_parse_failed,0,0,0.0
4e5w,skip,rdkit_parse_failed,0,0,0.0
4e67,skip,rdkit_parse_failed,0,0,0.0
4e6d,skip,rdkit_parse_failed,0,0,0.0
4e6q,skip,rdkit_parse_failed,0,0,0.0
4e70,ok,,13,370,180.078644244
4e7r,ok,,41,231,602.1753927280901
4e9u,ok,,19,388,271.066699656
4ea2,ok,,24,344,332.31805212017997
4eb8,skip,rdkit_parse_failed,0,0,0.0
4ef6,ok,,14,350,194.0579088
4efk,ok,,11,347,191.007470528
4efs,ok,,29,307,408.11437811999997
4egk,ok,,25,337,364.0713659439999
4ehz,skip,rdkit_parse_failed,0,0,0.0
4ei4,skip,rdkit_parse_failed,0,0,0.0
4ej8,skip,rdkit_parse_failed,0,0,0.0
4ejl,skip,rdkit_parse_failed,0,0,0.0
4ek9,ok,,21,351,295.15131488809
4elf,ok,,39,306,543.2325999000901
4elg,ok,,37,320,503.2765154000901
4elh,ok,,37,290,503.2765154000901
4emf,skip,rdkit_parse_failed,0,0,0.0
4emr,skip,rdkit_parse_failed,0,0,0.0
4en4,ok,,13,310,183.089543276
4eo6,ok,,27,254,389.202464852
4do4,ok,,14,328,205.11828344409
4do5,ok,,11,329,164.09173434809
4dq2,ok,,37,329,557.1457684860001
4dst,skip,rdkit_parse_failed,0,0,0.0
4dsu,skip,rdkit_parse_failed,0,0,0.0
4dsy,ok,,15,229,199.063328528
4duh,ok,,26,326,388.066382372
4dv8,ok,,29,304,407.21407564809
4dy6,ok,,49,238,756.081934674
4dzy,ok,,12,410,184.029107208
4eo8,ok,,27,252,391.20499027208996
4eoh,skip,rdkit_parse_failed,0,0,0.0
4eor,skip,rdkit_parse_failed,0,0,0.0
4epy,skip,rdkit_parse_failed,0,0,0.0
4er1,skip,rdkit_parse_failed,0,0,0.0
4er2,ok,,48,242,685.4625785960002
4erf,ok,,32,256,477.147363768
4etz,ok,,46,155,690.0948687079998
4eu0,ok,,46,151,690.0948687079998
4euo,ok,,7,416,104.07060498009
4ew2,ok,,35,212,477.1682045840002
4ew3,ok,,35,216,477.1682045840002
4ewn,ok,,23,299,353.0875678499999
4exs,ok,,14,239,217.07726434
4ezr,skip,rdkit_parse_failed,0,0,0.0
4ezx,ok,,56,266,804.4396346040901
4ezz,ok,,57,284,812.53604334418
4f09,skip,rdkit_parse_failed,0,0,0.0
4f0c,ok,,40,195,614.16651536818
4f1l,ok,,17,318,234.0640568
4f2w,skip,rdkit_parse_failed,0,0,0.0
4f39,ok,,15,362,214.10738441209
4f3c,skip,rdkit_parse_failed,0,0,0.0
4f3k,skip,rdkit_parse_failed,0,0,0.0
4f5y,ok,,46,244,690.0948687079998
4f6u,ok,,29,191,400.27070174809
4f6w,ok,,47,187,640.4081982600901
4f7v,skip,rdkit_parse_failed,0,0,0.0
4f9u,ok,,22,222,320.13069688
4f9w,ok,,25,357,326.153146576
4f9y,ok,,25,351,326.153146576
4fai,ok,,22,235,320.13069688
4fcq,skip,rdkit_parse_failed,0,0,0.0
4fev,ok,,21,314,281.164045608
4few,ok,,21,314,301.109423192
4ffs,skip,rdkit_parse_failed,0,0,0.0
4fht,ok,,11,405,154.026608672
4fk6,skip,rdkit_parse_failed,0,0,0.0
4fl1,ok,,31,285,506.0117298740001
4fl2,ok,,31,331,506.0117298740001
4fz3,skip,rdkit_parse_failed,0,0,0.0
4fzj,ok,,13,223,196.030648496
4g0p,ok,,21,216,326.05151668999997
4g0q,skip,rdkit_parse_failed,0,0,0.0
4g0y,ok,,23,212,347.0630844180001
4g0z,skip,rdkit_parse_failed,0,0,0.0
4g4p,ok,,10,389,147.07641863209
4g5f,ok,,13,367,180.04225873599998
4g8m,ok,,12,395,174.07608428409
4g8n,ok,,12,408,174.07608428409
4g8v,ok,,23,276,327.11788326399994
4g8y,ok,,24,271,341.13353332799994
4g90,ok,,24,268,345.1084614519999
4g95,ok,,22,207,334.050049744
4gah,ok,,60,282,935.2666242220001
4gbd,ok,,21,392,314.104876056
4ge1,skip,rdkit_parse_failed,0,0,0.0
4gfm,ok,,18,359,281.996282856
4gfo,ok,,18,350,281.996282856
4gg7,ok,,36,304,499.18123302409
4flp,ok,,31,243,456.13867472000004
4fm7,ok,,33,263,478.21703217609
4fm8,ok,,32,263,462.2221175560899
4fnn,ok,,20,245,284.271530392
4fp1,ok,,13,398,211.990813244
4fs4,ok,,25,292,323.1633769120001
4fsl,error,canon_substruct_match_failed,0,0,484.1210132760001
4fxp,ok,,27,301,427.01989927800014
4fxq,ok,,26,294,358.19253168009004
4fys,skip,rdkit_parse_failed,0,0,0.0
4ggz,ok,,16,373,244.088163372
4ghi,ok,,21,416,308.011245952
4gid,ok,,47,299,666.33198167609
4gih,ok,,23,340,349.038482016
4gii,ok,,25,337,374.033730984
4gj2,ok,,24,342,367.02906020399996
4gj3,ok,,26,332,392.024309172
4gkh,ok,,24,318,317.16404560800004
4gki,ok,,25,286,331.17969567200004
4gkm,ok,,20,188,271.084457896
4gny,ok,,17,359,266.155180312
4gq4,ok,,27,245,416.11849875209003
4gql,ok,,52,253,816.09626973
4gqp,ok,,11,375,150.12772593209
4gqq,ok,,15,229,208.073558864
4gqr,ok,,23,261,318.0375672799999
4gr0,ok,,44,282,700.0853111219999
4gr3,ok,,45,248,706.1039419540001
4gr8,ok,,37,265,590.092983346
4gu6,skip,rdkit_parse_failed,0,0,0.0
4h75,ok,,70,164,974.59741477618
4h7q,ok,,9,404,130.06299418
4h81,ok,,12,413,184.029107208
4h85,ok,,9,398,150.044757272
4ha5,ok,,24,277,324.10448213200004
4hbm,ok,,30,291,449.11606364
4hdb,ok,,42,350,604.2454518599999
4hdf,ok,,42,338,604.2454518599999
4hdp,ok,,42,342,604.2454518599999
4heg,ok,,42,348,604.2454518599999
4hf4,ok,,32,297,447.17289604000007
4hfp,ok,,36,260,508.2467892520001
4hge,ok,,25,353,352.08393671600004
4hj2,ok,,38,256,575.1936892120901
4hla,ok,,38,351,547.2352215239999
4hp0,ok,,53,231,773.32985189609
4hpi,ok,,39,246,570.2504793800898
4ht0,ok,,23,323,367.00723140800005
4ht2,ok,,23,334,367.00723140800005
4hu1,ok,,20,357,336.97017720400004
4gu9,skip,rdkit_parse_failed,0,0,0.0
4gue,ok,,32,337,448.1005614599999
4gzp,ok,,20,298,285.18088370009
4gzt,ok,,20,293,287.19653376409
4gzw,ok,,46,171,674.2381771240001
4gzx,ok,,32,243,471.15880460799985
4h3f,ok,,34,296,458.152494944
4h3g,ok,,34,292,453.13717922800004
4h3j,ok,,33,282,445.13725948000007
4h42,ok,,17,290,251.036462148
4hw3,ok,,25,325,374.074343148
4hwo,ok,,28,337,402.1230515400901
4hwp,ok,,29,333,416.1387016040901
4hws,ok,,29,339,436.08407918808996
4hy1,skip,rdkit_parse_failed,0,0,0.0
4hym,skip,rdkit_parse_failed,0,0,0.0
4hzm,ok,,16,298,233.14958357209
4i3z,ok,,27,320,427.02941494000015
4i54,ok,,29,281,403.12113074800004
4i5c,skip,rdkit_parse_failed,0,0,0.0
4i71,skip,rdkit_parse_failed,0,0,0.0
4i72,skip,rdkit_parse_failed,0,0,0.0
4i74,ok,,20,397,298.08560341209
4i7j,ok,,6,459,78.046950192
4i7k,ok,,7,442,92.062600256
4i7l,ok,,7,446,94.041864812
4i7m,ok,,10,436,136.088815004
4i7p,skip,rdkit_parse_failed,0,0,0.0
4i8n,ok,,34,210,483.09003451599995
4i8w,ok,,40,352,579.23707824809
4ibi,ok,,38,121,545.0489141599999
4ibj,ok,,38,126,535.0854419
4ibk,ok,,34,120,516.9789781159999
4idn,skip,rdkit_parse_failed,0,0,0.0
4ido,skip,rdkit_parse_failed,0,0,0.0
4ieh,ok,,59,256,875.2349257121801
4igt,ok,,17,382,249.10811268409
4ih3,ok,,12,220,167.02185764
4ih5,skip,rdkit_parse_failed,0,0,0.0
4ih6,ok,,21,306,288.183778008
4i8x,ok,,15,291,199.063328528
4i8z,ok,,40,353,575.230136144
4i9h,ok,,51,288,747.1301003320002
4i9u,ok,,23,239,352.028455576
4ibb,ok,,33,114,461.12969383599994
4ibc,ok,,33,111,481.0483780039999
4ibd,ok,,31,118,496.9932557119999
4ibe,ok,,31,116,516.9386332959999
4ibf,ok,,31,115,536.9107042959998
4ibg,ok,,36,125,505.0928296599999
4iue,ok,,19,359,253.090292224
4iuo,ok,,13,409,192.063388104
4iva,skip,rdkit_parse_failed,0,0,0.0
4ivb,skip,rdkit_parse_failed,0,0,0.0
4ivc,skip,rdkit_parse_failed,0,0,0.0
4ivd,skip,rdkit_parse_failed,0,0,0.0
4iwz,ok,,18,332,303.97585311600005
4j21,ok,,20,349,284.07164071600005
4j22,ok,,30,271,426.15789576009
4j28,skip,rdkit_parse_failed,0,0,0.0
4j3l,ok,,26,306,370.10842014800005
4j44,ok,,26,187,373.24454657609
4j45,ok,,23,202,333.17686094008997
4j46,ok,,28,207,399.26019664009
4j47,ok,,29,194,415.25511126008996
4j48,ok,,33,173,476.26496473609006
4j7d,ok,,34,240,494.18916900399995
4j7e,ok,,37,204,565.1801437600899
4j93,skip,rdkit_parse_failed,0,0,0.0
4jal,ok,,26,334,385.12886519209013
4io5,ok,,6,390,90.05495491609
4io6,ok,,9,388,150.05832604409
4io7,ok,,12,387,166.08625504409
4ipi,ok,,9,405,134.021523292
4ipj,ok,,9,391,134.021523292
4ipn,ok,,27,292,438.0596984259999
4ish,ok,,39,222,505.20015634399994
4isi,ok,,34,240,470.21970191200006
4isu,ok,,20,300,283.09246262009003
4itp,ok,,21,168,304.088163372
4ih7,ok,,17,319,227.131014164
4iic,ok,,10,405,148.09681972809
4iid,ok,,11,404,164.09173434809
4iie,ok,,12,405,176.09173434809
4iif,ok,,13,388,190.10738441209
4ij1,ok,,19,199,257.068807832
4in9,skip,rdkit_parse_failed,0,0,0.0
4io2,ok,,10,379,148.06043422009
4io3,ok,,9,381,134.04478415609
4io4,ok,,7,394,106.04986953609
4jpx,ok,,12,335,166.08625504409
4jpy,ok,,12,344,166.08625504409
4jsa,ok,,10,373,157.019749464
4jss,ok,,8,363,129.024834844
4jsz,ok,,10,212,157.019749464
4jwk,skip,rdkit_parse_failed,0,0,0.0
4jx9,ok,,17,209,244.069536104
4jxs,ok,,22,189,341.002779072
4jyb,skip,rdkit_parse_failed,0,0,0.0
4jyc,skip,rdkit_parse_failed,0,0,0.0
4je7,ok,,27,195,385.25767122
4je8,ok,,20,185,308.12746822408997
4jfk,ok,,37,236,547.144692268
4jfm,ok,,35,231,522.1130577920001
4jfs,ok,,17,286,238.14376992009
4jh0,ok,,27,254,407.10360769209
4jia,ok,,31,287,415.2240859040901
4jkw,ok,,14,244,246.00582598399998
4jn2,ok,,36,165,471.20188766000007
4jne,ok,,31,311,506.99574546200006
4k55,ok,,15,238,264.01639066800004
4k5p,ok,,16,349,230.06890432609
4k6i,ok,,26,414,348.208930136
4k77,ok,,18,361,244.132411132
4k7i,ok,,8,160,110.036779432
4k7n,ok,,9,169,124.052429496
4k7o,ok,,12,156,166.099379688
4k9y,ok,,36,319,481.23385648400006
4kao,ok,,32,305,425.22156048400007
4kax,skip,rdkit_parse_failed,0,0,0.0
4jym,ok,,11,367,152.047344116
4jyt,ok,,42,147,552.1579742480002
4jz1,ok,,39,160,520.1329023720001
4jzi,ok,,38,148,488.24046424009015
4k0o,ok,,27,194,397.15841068399993
4k0y,ok,,26,351,356.15172948809004
4k18,ok,,29,342,387.113152908
4k3h,ok,,26,343,346.204513452
4k3n,ok,,17,346,254.06890432609
4k4j,ok,,22,411,294.161979944
4kb9,ok,,43,345,616.281837368
4kcx,ok,,29,225,396.227374136
4keq,ok,,12,209,165.042593084
4kfq,ok,,15,192,218.026231812
4kif,ok,,12,197,164.04734411599998
4kiu,ok,,23,233,317.05355169200004
4km0,ok,,17,314,248.08287409599998
4km2,ok,,21,300,290.13789043599996
4kmz,skip,rdkit_parse_failed,0,0,0.0
4kn0,ok,,33,322,454.1713158039999
4kn1,ok,,32,324,440.15566574
4kni,ok,,23,330,371.01651098800005
4knj,ok,,21,327,342.98521086000005
4knm,ok,,23,322,371.01651098800005
4knn,ok,,21,327,342.98521086000005
4ko8,ok,,31,309,522.972901842
4kow,ok,,28,295,427.05079188400003
4kp5,ok,,21,347,342.98521086000005
4kp8,ok,,20,329,309.024183212
4kqp,ok,,10,390,147.07641863209
4kyk,ok,,25,264,357.0767856719999
4kz3,ok,,13,171,240.927027288
4kz4,ok,,16,205,243.056528896
4kz6,ok,,15,178,231.092914404
4kz7,ok,,14,184,198.089208928
4kzq,ok,,18,368,238.06299418
4kzu,ok,,18,367,299.978591628
4l19,ok,,19,191,272.098334132
4l2l,ok,,19,236,266.087769448
4l4v,ok,,23,381,328.101898852
4l4z,ok,,14,361,230.019153942
4l50,ok,,17,373,272.066104134
4l51,ok,,14,369,230.01915394200003
4l6t,ok,,68,122,998.3438239640002
4l9i,ok,,24,190,330.14999817209
4lar,ok,,10,363,136.11207586809
4lbu,skip,rdkit_parse_failed,0,0,0.0
4lch,ok,,35,345,469.16377083599997
4leq,skip,rdkit_parse_failed,0,0,0.0
4lhm,ok,,19,183,267.096753896
4llk,ok,,12,185,160.063662876
4llp,ok,,9,174,123.068413908
4llx,ok,,9,186,123.07964728799999
4lm0,skip,rdkit_parse_failed,0,0,0.0
4lm1,ok,,13,177,174.042927432
4lm2,ok,,12,184,166.06299418
4lm3,ok,,13,186,178.06299418
4lm4,ok,,11,189,146.048012812
4loh,skip,rdkit_parse_failed,0,0,0.0
4loi,skip,rdkit_parse_failed,0,0,0.0
4ks1,ok,,20,319,285.18088370009
4ks4,ok,,28,297,394.22162006
4ksy,skip,rdkit_parse_failed,0,0,0.0
4kwf,ok,,18,231,237.078978592
4kwg,ok,,13,219,238.958190532
4kwo,skip,rdkit_parse_failed,0,0,0.0
4kx8,ok,,33,274,475.2762406280899
4kxb,ok,,22,319,309.18088370008996
4kxn,ok,,29,213,427.0892991659999
4kyh,ok,,29,204,419.0551469039999
4lhv,skip,rdkit_parse_failed,0,0,0.0
4lj5,ok,,27,174,427.02941494000015
4lj8,ok,,27,188,427.02941494000015
4ljh,ok,,22,197,309.12123732799995
4lk7,ok,,27,158,377.1110665679999
4lkk,ok,,32,200,471.15880460799985
4lko,ok,,25,251,380.09270866008995
4lkq,skip,rdkit_parse_failed,0,0,0.0
4ll3,ok,,38,204,547.2352215239999
4llj,skip,rdkit_parse_failed,0,0,0.0
4loo,ok,,25,363,339.17279928009003
4lov,ok,,19,173,276.157288488
4loy,ok,,39,159,620.09657102809
4lps,skip,rdkit_parse_failed,0,0,0.0
4lrr,ok,,25,308,335.04298700799995
4luz,ok,,37,266,494.147786424
4lvt,ok,,65,259,975.3100627241802
4lxd,ok,,48,259,696.2253236880903
4lxz,ok,,19,275,264.1473925
4ly1,ok,,25,371,351.104147784
4ly9,ok,,35,366,534.17025955209
4lyw,skip,rdkit_parse_failed,0,0,0.0
4lzr,ok,,29,142,399.16818751999995
4lzs,skip,rdkit_parse_failed,0,0,0.0
4m0e,ok,,21,298,278.094294308
4m0f,ok,,38,319,526.2202826679999
4m0r,ok,,29,205,392.10083623199995
4m0y,ok,,22,186,295.10692465600005
4m12,ok,,25,215,339.133139404
4m13,ok,,26,221,353.148789468
4m8x,ok,,49,183,728.2743826380001
4m8y,ok,,49,185,728.2743826380001
4mc1,ok,,38,213,548.2356361239998
4mc2,ok,,38,207,548.2356361239998
4mc6,ok,,36,221,519.256705916
4mc9,ok,,37,213,534.2199860599999
4mdn,skip,rdkit_parse_failed,0,0,0.0
4mgd,ok,,19,213,315.98246263199997
4mhy,ok,,22,149,320.13069688
4mhz,ok,,22,144,320.13069688
4m14,ok,,26,163,353.148789468
4m2r,ok,,23,316,384.07161022408997
4m2u,ok,,19,335,325.03449644409
4m2v,ok,,23,315,384.07161022408997
4m2w,ok,,19,329,325.03449644409
4m3p,ok,,8,227,136.04267598009
4m6u,ok,,8,250,120.00587322800001
4m7j,ok,,49,129,718.2167729839999
4m8e,ok,,23,225,308.17763000799994
4m8h,ok,,23,222,308.17763000799994
4mjp,ok,,21,156,282.161979944
4mme,ok,,20,362,285.07891716809
4mmm,ok,,14,125,186.06807956
4mmp,ok,,21,237,309.105981188
4mn3,ok,,50,150,698.38718804409
4mnp,ok,,21,230,309.105981188
4mo4,ok,,27,155,425.0501503840002
4mo8,ok,,16,342,249.053174832
4mpn,ok,,22,178,321.0307080719999
4mq6,ok,,28,211,402.0885572959999
4mr3,ok,,24,242,326.126657056
4mr6,ok,,27,248,370.152871804
4mre,ok,,9,162,122.08439831999999
4mrg,ok,,11,156,149.10732483609
4mrw,ok,,12,185,179.013791492
4mrz,ok,,11,186,153.053826464
4msa,skip,rdkit_parse_failed,0,0,0.0
4msc,ok,,22,169,286.110613068
4msn,ok,,13,173,174.042927432
4mss,ok,,14,367,205.11828344409
4muf,ok,,31,195,444.1355074879999
4mul,ok,,31,198,438.0885572959999
4muv,skip,rdkit_parse_failed,0,0,0.0
4myd,ok,,17,238,240.063388104
4n07,ok,,16,351,242.052526812
4n5d,ok,,15,204,190.08546094
4n6g,ok,,13,128,160.063662876
4n6z,ok,,23,357,314.17238468009
4n7m,ok,,16,246,215.11788952009
4n7u,ok,,15,123,262.037126112
4n8q,ok,,11,177,155.038256652
4n9a,skip,rdkit_parse_failed,0,0,0.0
4n9c,skip,rdkit_parse_failed,0,0,0.0
4na9,ok,,36,162,462.20557607200004
4nbk,ok,,16,184,214.110613068
4nbl,ok,,22,173,296.10733925600005
4nbn,ok,,24,300,322.14297581599993
4ncn,skip,rdkit_parse_failed,0,0,0.0
4ndu,ok,,13,154,194.079038168
4ngm,ok,,33,242,529.105976956
4non,skip,rdkit_parse_failed,0,0,0.0
4np2,skip,rdkit_parse_failed,0,0,0.0
4np3,skip,rdkit_parse_failed,0,0,0.0
4np9,ok,,24,192,419.9623796699999
4nra,ok,,17,139,244.040340588
4nuc,ok,,27,122,382.10996143600005
4nue,ok,,28,124,397.120860468
4nvp,ok,,22,249,328.0572707660001
4nwc,ok,,16,237,234.09721365209
4nxu,ok,,27,180,427.02941494000015
4ngn,ok,,24,245,347.13286463199995
4ngp,ok,,42,216,598.2486226559998
4nh7,ok,,33,182,464.203525384
4nh8,ok,,29,201,399.195819912
4nj9,ok,,30,139,471.9592595839999
4nja,ok,,30,136,471.9592595839999
4nkt,ok,,29,273,482.984512082
4nku,ok,,39,228,573.1220558379998
4nl1,ok,,13,182,190.08381043209
4nnr,ok,,57,98,811.5445769040003
4nxv,skip,rdkit_parse_failed,0,0,0.0
4nyf,ok,,27,147,383.128821244
4o04,ok,,26,184,352.20195349209
4o05,ok,,32,187,435.27545278009
4o07,ok,,32,188,434.28020381209
4o09,ok,,28,194,378.23072819999993
4o0a,ok,,41,154,628.02620123209
4o0b,ok,,29,195,390.2307282
4o0x,ok,,26,238,348.16985925999995
4o0y,ok,,25,224,337.165108228
4o2b,ok,,29,219,399.16818751999995
4o2c,skip,rdkit_parse_failed,0,0,0.0
4o2p,ok,,34,184,495.1728346160901
4o3c,ok,,9,249,134.04478415609
4o3f,ok,,28,153,387.19065428
4o61,ok,,13,236,192.02700259600002
4o6w,ok,,61,108,877.4583179820903
4o97,ok,,40,134,515.27651540009
4o9v,ok,,38,146,487.2452152720901
4o9w,ok,,41,116,611.3164047860898
4og3,ok,,31,127,419.26930478009
4og4,ok,,31,125,419.26930478009
4ogj,ok,,37,126,525.2642364640899
4oiv,ok,,32,206,470.1527834959999
4oks,ok,,33,144,446.159019804
4oma,ok,,22,234,331.05693641799996
4omc,ok,,58,128,749.45614524
4omj,ok,,31,187,436.46441654
4omk,ok,,30,189,422.485151984
4or4,skip,rdkit_parse_failed,0,0,0.0
4or6,skip,rdkit_parse_failed,0,0,0.0
4ou3,ok,,41,126,607.2075265000901
4ovf,skip,rdkit_parse_failed,0,0,0.0
4ovg,ok,,21,122,306.07712002
4ovh,ok,,25,110,408.03208374400003
4owm,ok,,11,170,155.038256652
4owv,ok,,10,171,137.047678464
4ozj,ok,,27,199,427.02941494000015
4p3h,skip,rdkit_parse_failed,0,0,0.0
4p58,skip,rdkit_parse_failed,0,0,0.0
4oag,ok,,27,187,427.02941494000015
4oak,ok,,11,248,161.09206869609
4oc0,ok,,28,234,503.05533342399997
4oc1,ok,,30,240,533.065898108
4oc2,ok,,29,234,515.055333424
4oc3,ok,,32,251,557.0658981079999
4oc5,ok,,33,241,569.065898108
4ocq,ok,,15,235,221.0899372
4oct,ok,,10,234,146.02152329199998
4oeu,skip,rdkit_parse_failed,0,0,0.0
4p5d,ok,,32,216,458.09913557799985
4p5z,ok,,37,204,505.14740747600007
4p6c,ok,,14,256,231.01440291
4p6w,ok,,35,215,522.1575941039999
4p6x,ok,,26,221,362.20932405999986
4pb2,ok,,18,214,262.06011429200004
4pcs,ok,,16,189,218.11755517209
4pee,ok,,19,183,261.13460220409
4pf5,ok,,18,138,261.0960852
4pft,ok,,23,256,340.10056145999994
4pfu,ok,,23,239,342.11621152399994
4pg9,ok,,68,142,949.47779394009
4phu,ok,,37,182,524.1868743639999
4pin,skip,rdkit_parse_failed,0,0,0.0
4pmm,ok,,37,189,492.2022220080001
4pnu,ok,,32,104,498.079033936
4poh,ok,,23,218,308.17763000799994
4poj,ok,,23,226,306.16197994399994
4pop,ok,,17,243,249.0935831
4pow,ok,,21,242,289.15064619209
4pox,ok,,22,246,303.1299107480901
4pp0,ok,,21,244,289.15064619209
4pp3,ok,,23,227,308.17763000799994
4pp5,ok,,23,223,308.17763000799994
4pqa,ok,,14,200,217.07726434
4psb,ok,,25,207,346.14163842399995
4pum,skip,rdkit_parse_failed,0,0,0.0
4pv5,ok,,34,107,470.3396099519999
4pvx,ok,,26,232,398.043274112
4pvy,ok,,26,234,402.07457424
4q46,skip,rdkit_parse_failed,0,0,0.0
4q4o,skip,rdkit_parse_failed,0,0,0.0
4q4p,skip,rdkit_parse_failed,0,0,0.0
4q4q,skip,rdkit_parse_failed,0,0,0.0
4q4r,skip,rdkit_parse_failed,0,0,0.0
4q4s,skip,rdkit_parse_failed,0,0,0.0
4q6d,ok,,19,184,282.11504681599996
4q6e,ok,,22,169,322.10996143599994
4q7p,ok,,9,230,141.024834844
4q7s,ok,,9,224,141.024834844
4pzv,ok,,44,157,634.2030269200002
4q08,ok,,26,204,412.11021925600005
4q09,ok,,28,203,444.100048496
4q0k,ok,,25,197,346.14163842399995
4q19,ok,,27,195,403.1136669120001
4q1w,ok,,38,207,547.2352215239999
4q1x,ok,,38,207,547.2352215239999
4q1y,ok,,38,202,547.2352215239999
4q3t,ok,,14,226,191.11386676009
4q3u,ok,,13,230,177.09821669609
4q9o,ok,,25,226,354.113505528
4q9y,ok,,8,225,124.034671256
4qac,ok,,24,220,336.156181268
4qb3,ok,,22,157,299.163376912
4qd6,skip,rdkit_parse_failed,0,0,0.0
4qdk,ok,,26,226,385.12886519209013
4qem,ok,,12,204,164.047344116
4qer,ok,,17,194,228.078644244
4qev,ok,,30,156,424.130218212
4qew,ok,,31,155,438.145868276
4q7v,ok,,9,228,141.024834844
4q7w,ok,,9,226,141.024834844
4q81,ok,,10,220,155.040484908
4q83,ok,,12,226,194.996569408
4q87,ok,,12,217,194.996569408
4q8x,ok,,12,206,193.98819579609
4q8y,ok,,12,220,179.040484908
4q90,ok,,8,221,125.029920224
4q93,ok,,17,202,228.078644244
4q99,ok,,9,226,140.029585876
4qf7,ok,,25,158,344.1987593759999
4qf8,ok,,10,202,148.17972696427
4qf9,ok,,19,172,264.09788234809
4qfl,ok,,17,219,237.12336882409
4qfn,ok,,14,224,205.08189793609
4qfo,ok,,17,227,263.14239001609
4qfp,ok,,15,224,219.13393350809
4qgd,skip,rdkit_parse_failed,0,0,0.0
4qge,ok,,29,168,396.19098862799996
4qgi,ok,,49,180,677.4384953440899
4qij,ok,,61,208,937.151988394
4qj0,ok,,35,202,530.079313052
4qjw,ok,,27,212,424.03744824
4qjx,ok,,27,191,424.03744824
4ql1,ok,,36,181,501.23406270018
4qlk,ok,,45,192,666.221858364
4qll,ok,,45,188,666.221858364
4qnb,skip,rdkit_parse_failed,0,0,0.0
4qp2,ok,,11,191,168.00904046
4qpd,skip,rdkit_parse_failed,0,0,0.0
4r3w,ok,,27,155,427.02941494000015
4r4c,ok,,41,157,609.0261183360001
4r4i,ok,,42,158,615.0422470679999
4r4o,ok,,40,146,591.0422470679999
4r4t,ok,,40,151,591.042247068
4r59,ok,,25,175,406.0715869039999
4r5a,ok,,24,194,392.05593684
4r5b,ok,,24,191,392.05593684
4r5t,ok,,24,193,332.14845512000005
4r73,ok,,16,259,260.02971862600003
4qpl,ok,,36,182,559.0716736759997
4qrh,skip,rdkit_parse_failed,0,0,0.0
4qsu,ok,,9,173,126.042927432
4qsv,ok,,17,141,242.090271548
4qtl,ok,,27,195,424.03744824
4qxo,ok,,21,216,282.089208928
4qy3,ok,,18,173,262.066365308
4qyy,ok,,34,185,485.19500954009
4r06,ok,,34,182,468.15076362799994
4r0a,ok,,17,211,244.069536104
4r74,ok,,16,260,260.02971862600003
4r75,ok,,18,245,290.04028331
4r76,ok,,26,197,351.133139404
4ra1,ok,,16,211,260.02971862600003
4rak,ok,,35,179,508.158741468
4rd0,skip,rdkit_parse_failed,0,0,0.0
4rd3,skip,rdkit_parse_failed,0,0,0.0
4rd6,skip,rdkit_parse_failed,0,0,0.0
4rdn,ok,,20,209,281.11240396
4re2,ok,,14,246,200.079706864
4re4,ok,,10,249,148.09681972809
4rfc,ok,,23,143,344.140592868
4rfd,ok,,16,196,245.09543982409
4rfm,skip,rdkit_parse_failed,0,0,0.0
4rfr,ok,,21,252,286.04773804
4rhx,ok,,32,168,497.1541869881801
4riu,ok,,30,168,444.09509921999984
4riv,ok,,12,236,185.014664084
4rj8,ok,,29,195,392.23245951600006
4rlt,ok,,21,237,288.06338810399996
4rrg,ok,,26,201,368.16769322408993
4rsk,ok,,21,226,324.03586662600003
4rux,ok,,14,211,215.061614276
4ruy,ok,,14,212,215.061614276
4ruz,ok,,13,215,201.045964212
4rvr,ok,,26,139,371.119129152
4rwj,skip,rdkit_parse_failed,0,0,0.0
4rww,ok,,44,147,658.1050394679999
4ryd,ok,,59,126,763.471795304
4s1g,ok,,32,173,424.227454388
4tpw,ok,,29,103,449.995631224
4tqn,ok,,24,155,327.110672644
4trc,skip,rdkit_parse_failed,0,0,0.0
4ts1,ok,,13,378,182.08116966409
4tt2,ok,,43,123,603.3208993760902
4tte,ok,,18,166,246.100442308
4tu4,ok,,26,138,372.07799261199995
4tun,ok,,13,196,211.06095917800002
4twp,skip,rdkit_parse_failed,0,0,0.0
4ty6,skip,rdkit_parse_failed,0,0,0.0
4rlu,ok,,19,233,256.073558864
4rlw,ok,,20,226,274.084123548
4rn4,ok,,39,142,580.127085108
4rpn,ok,,12,240,263.847003052
4rpo,ok,,10,259,195.924947756
4rqk,ok,,23,156,379.95146820800005
4rqv,ok,,23,163,379.95146820800005
4rr6,ok,,25,204,354.15204316008993
4rra,ok,,26,197,368.16769322408993
4rrf,ok,,25,203,354.15204316008993
4sga,ok,,34,229,472.232184744
4std,ok,,20,389,337.011368976
4tim,ok,,11,373,185.992939194
4tjz,ok,,12,212,170.130679816
4tkb,ok,,14,211,200.177630008
4tkh,ok,,16,213,226.193280072
4tkj,ok,,18,225,254.2245802
4tln,ok,,10,312,147.11280414009
4tmk,ok,,55,301,891.0081133699999
4tmn,ok,,36,260,519.213437058
4ty7,skip,rdkit_parse_failed,0,0,0.0
4tz2,skip,rdkit_parse_failed,0,0,0.0
4u0f,skip,rdkit_parse_failed,0,0,0.0
4u0w,ok,,19,261,301.056267722
4u1b,ok,,13,240,210.12535658209
4u43,ok,,16,231,211.08579528799999
4u54,ok,,15,142,199.12297490009
4u5n,ok,,45,125,622.3700468962701
4u5o,ok,,23,132,314.20956429218
4u5s,ok,,43,109,601.3576850641799
4u69,ok,,11,236,182.09405645409
4u6c,ok,,13,234,208.10970651809
4u6w,ok,,13,231,210.12535658209
4u6z,ok,,11,235,182.09405645409
4u70,ok,,13,230,208.10970651809
4u71,ok,,12,230,194.09405645409
4u73,ok,,12,230,188.04710626209
4u8w,ok,,40,206,583.2163778999999
4ua8,ok,,34,207,504.1690349439998
4uac,ok,,44,190,648.27094005209
4ual,skip,rdkit_parse_failed,0,0,0.0
4uc5,ok,,12,253,166.08625504409
4ucc,ok,,20,126,313.986112096
4ufh,ok,,10,232,148.09681972809
4ufi,ok,,10,234,150.09934514818
4ufj,ok,,11,236,161.068807832
4ufk,ok,,9,236,134.08116966409
4ufl,ok,,12,226,174.11246979209
4ufm,ok,,11,234,164.09173434809
4uin,ok,,24,162,325.19105446009
4uoh,ok,,27,174,427.02941494000015
4up5,ok,,12,145,180.035733876
4ury,ok,,16,206,238.04121318
4urz,ok,,17,203,254.072513308
4us3,skip,rdkit_parse_failed,0,0,0.0
4uye,ok,,29,127,394.200490692
4uyf,ok,,31,134,434.13972027599993
4v01,ok,,39,173,534.23439704818
4v24,ok,,33,211,466.20465592409
4v27,ok,,21,155,310.14964314809
4w9o,ok,,39,131,602.125642344
4w9p,ok,,39,132,602.125642344
4wa9,skip,rdkit_parse_failed,0,0,0.0
4whs,ok,,9,173,128.02735762
4wiv,ok,,27,137,361.19026035600007
4wk1,ok,,44,135,658.1050394679999
4wkb,skip,rdkit_parse_failed,0,0,0.0
4wkn,skip,rdkit_parse_failed,0,0,0.0
4wko,skip,rdkit_parse_failed,0,0,0.0
4wkp,skip,rdkit_parse_failed,0,0,0.0
4uj1,ok,,25,215,354.10038088409004
4uj2,ok,,25,218,446.03600120409004
4uja,ok,,24,223,404.00628624009
4ujb,ok,,25,219,340.14558148809004
4uma,ok,,10,230,168.018760018
4umb,ok,,10,235,169.998024574
4umc,ok,,10,234,169.998024574
4und,ok,,28,189,380.119715508
4unp,ok,,15,227,202.110613068
4uof,ok,,26,169,411.0345003200002
4w52,ok,,6,262,78.046950192
4w97,ok,,64,159,987.2251533340003
4w9c,ok,,28,135,385.20015634400005
4w9d,ok,,29,135,399.21580640800005
4w9f,ok,,29,139,415.1929627880001
4w9h,ok,,33,134,472.2144265040001
4w9i,ok,,33,132,472.178040996
4w9j,ok,,41,121,585.2984904759999
4w9k,ok,,44,119,619.282840412
4w9l,ok,,41,121,585.2984904759999
4x5q,ok,,30,143,416.12196559999995
4x5r,ok,,33,128,484.14811892409
4x5y,skip,rdkit_parse_failed,0,0,0.0
4x5z,skip,rdkit_parse_failed,0,0,0.0
4x6m,skip,rdkit_parse_failed,0,0,0.0
4x6n,skip,rdkit_parse_failed,0,0,0.0
4x6o,skip,rdkit_parse_failed,0,0,0.0
4x8o,ok,,57,222,916.0145957179997
4x8u,skip,rdkit_parse_failed,0,0,0.0
4x8v,ok,,47,160,664.25668524
4wn5,ok,,25,218,356.29265975999994
4wop,ok,,30,143,482.98451208199987
4wov,skip,rdkit_parse_failed,0,0,0.0
4wrb,ok,,27,169,362.13789043599996
4wt2,ok,,50,154,746.1995562320001
4x24,skip,rdkit_parse_failed,0,0,0.0
4x3k,ok,,55,161,775.5137509842702
4x48,ok,,26,190,392.0864491199999
4x50,ok,,24,159,332.12598835999995
4x5p,ok,,31,129,453.0826589
4xaq,ok,,13,263,186.07608428409
4xar,ok,,13,270,186.07608428409
4xas,ok,,15,262,212.09173434809
4xip,ok,,22,196,296.15247788
4xiq,ok,,25,194,338.16304256399997
4xir,ok,,29,185,414.17102040399993
4xit,ok,,32,181,451.16626937199993
4xk9,ok,,50,140,693.4604533559998
4xmb,ok,,42,188,612.134855856
4xmr,ok,,9,255,132.10190510809
4xu1,ok,,37,205,556.17549810009
4xu2,ok,,37,203,555.1682216480001
4xu3,ok,,34,213,513.157656964
4xxh,ok,,27,222,422.0825420459999
4xy8,skip,rdkit_parse_failed,0,0,0.0
4xya,skip,rdkit_parse_failed,0,0,0.0
4y0a,ok,,12,224,176.068473484
4y2q,ok,,16,214,232.10560849608999
4y3j,ok,,12,172,170.09240304409
4y3y,ok,,8,190,118.12264055208999
4y4j,ok,,12,201,170.08116966409
4y59,ok,,20,230,279.050713156
4y5d,ok,,20,240,269.068807832
4y79,ok,,29,153,441.11251954799997
4y8x,skip,rdkit_parse_failed,0,0,0.0
4yb5,skip,rdkit_parse_failed,0,0,0.0
4ybk,ok,,38,205,532.2125352400901
4yc0,ok,,15,204,204.053492116
4yes,skip,rdkit_parse_failed,0,0,0.0
4ygf,ok,,13,205,221.988132052
4xo8,ok,,19,173,278.172938552
4xoc,ok,,19,175,278.172938552
4xoe,ok,,19,181,278.172938552
4xt2,ok,,23,255,432.95376961600005
4xtv,ok,,36,212,537.1940424720001
4xtw,ok,,40,195,596.169618616
4xtx,ok,,40,195,597.1536342039998
4xty,ok,,38,203,573.158799836
4xtz,ok,,38,204,574.1428154239999
4xu0,ok,,39,200,586.1628019199998
4ymq,ok,,40,184,597.1732113479999
4ymx,ok,,13,259,175.11895214009
4ynb,skip,rdkit_parse_failed,0,0,0.0
4ynl,ok,,48,119,661.3376120600899
4yo8,skip,rdkit_parse_failed,0,0,0.0
4yrd,ok,,12,194,162.06807956
4ysl,ok,,20,198,308.09108271608994
4ytc,ok,,26,203,344.14979251200003
4yth,skip,rdkit_parse_failed,0,0,0.0
4yx4,ok,,10,230,157.019749464
4yxi,ok,,11,219,171.035399528
4yyt,ok,,13,209,201.045964212
4yzu,skip,rdkit_parse_failed,0,0,0.0
4z07,ok,,23,201,345.0474343540001
4z0k,ok,,30,161,402.18042394400004
4z0q,ok,,22,164,316.088163372
4z1e,ok,,24,155,346.09872805599997
4z1j,ok,,22,177,316.088163372
4z1k,ok,,24,166,348.07799261199995
4z2b,skip,rdkit_parse_failed,0,0,0.0
4z83,ok,,24,221,404.00628624009
4z84,ok,,25,216,354.10038088409004
4z93,skip,rdkit_parse_failed,0,0,0.0
4zae,skip,rdkit_parse_failed,0,0,0.0
4zb6,ok,,40,192,614.16651536818
4zb8,ok,,40,195,614.16651536818
4zba,ok,,40,188,614.16651536818
4zbf,ok,,31,184,435.15042927999997
4zbi,ok,,29,186,385.167793596
4zcs,ok,,32,186,489.1146073640899
4yha,ok,,14,213,237.01105856809
4yhm,ok,,36,150,471.20188766
4yho,ok,,36,155,471.20188766
4yk0,ok,,13,182,176.094963004
4ykj,ok,,6,257,90.05495491609
4ykk,ok,,7,255,106.04986953609
4ymb,ok,,20,194,278.13868454009
4ymg,ok,,27,218,401.16016532009013
4ymh,ok,,26,214,385.12886519209013
4yml,skip,rdkit_parse_failed,0,0,0.0
4zeb,ok,,36,198,554.1248007819999
4zec,ok,,45,165,688.150652268
4zei,ok,,14,207,230.019153942
4zek,ok,,17,199,272.066104134
4zgk,skip,rdkit_parse_failed,0,0,0.0
4zip,ok,,49,192,690.308720812
4zji,ok,,26,236,373.15897905609006
4zl4,ok,,49,176,669.384996972
4zls,ok,,45,191,642.2974874320001
4zme,ok,,19,185,267.096753896
4zo5,ok,,36,153,483.1794208999999
4zow,ok,,20,170,322.012326844
4zt8,skip,rdkit_parse_failed,0,0,0.0
4zv1,ok,,13,254,175.11895214009
4zv2,ok,,10,237,147.07641863209
4zvi,skip,rdkit_parse_failed,0,0,0.0
4zw5,ok,,25,198,342.15795718399994
4zw6,ok,,25,195,346.16410518399994
4zw7,ok,,28,202,396.129691748
4zw8,ok,,30,198,400.1746698680001
4zwx,ok,,37,114,576.129495704
4zwz,ok,,28,177,450.06141614399996
4zx0,ok,,31,179,490.0563307639999
4zx1,ok,,28,168,448.08215158799993
4zx3,ok,,19,199,328.042254504
4zx4,ok,,27,199,380.13477712800005
4zyf,ok,,47,137,659.33586011609
4zzd,ok,,27,186,376.1382843599999
4zzx,ok,,18,196,248.116092372
4zzy,ok,,28,167,396.18933812009004
4zzz,ok,,18,192,248.116092372
5a2i,ok,,46,99,642.3205650280901
5a5q,ok,,19,144,259.15533764809
5a6k,ok,,14,212,222.07945541209
5a6x,ok,,12,157,178.084123548
5a7b,ok,,31,124,418.26093116818
5a81,ok,,27,142,371.24415265209
5aa9,ok,,30,188,406.1553520680001
5aan,ok,,24,138,340.14780974409
5aba,ok,,23,128,404.08552069218007
5acy,ok,,34,125,454.28528919209
5ad1,ok,,30,145,416.19473661599983
5afv,ok,,20,178,265.14477296409
5ahw,ok,,22,202,329.0525197340001
5alb,ok,,36,230,522.186080816
5am6,skip,rdkit_parse_failed,0,0,0.0
5am7,skip,rdkit_parse_failed,0,0,0.0
5amd,ok,,25,182,384.044978232
5amg,ok,,22,188,350.060628296
5aml,ok,,21,197,332.013678104
5ant,ok,,24,222,329.148789468
5anu,ok,,26,225,357.1437040880001
5anv,ok,,27,237,389.094247304
5aoi,skip,rdkit_parse_failed,0,0,0.0
5aoj,ok,,17,168,454.85153908399997
5aol,ok,,13,205,253.966644952
5aqz,ok,,22,195,309.10731857999997
5aut,ok,,21,199,299.061614276
5ave,ok,,7,250,106.04986953609
5avf,ok,,7,251,126.02194053609
5ayt,ok,,24,218,317.068807832
5azf,skip,rdkit_parse_failed,0,0,0.0
5b25,skip,rdkit_parse_failed,0,0,0.0
5b2d,ok,,43,132,633.2116280279998
5b5f,ok,,21,230,304.051777864
5b5g,ok,,20,195,270.0640568
5boj,ok,,18,218,250.156894564
5bry,ok,,41,196,592.26871272409
5bs4,ok,,40,199,577.2690470720901
5btv,ok,,27,133,413.14319146208993
5btx,ok,,22,143,329.0525197340001
5bv3,skip,rdkit_parse_failed,0,0,0.0
5bw4,ok,,27,182,401.16016532009013
5bwc,ok,,25,201,344.221226136
5byi,ok,,19,175,278.08374668799996
5c1m,ok,,32,177,430.26093116818
5c1w,ok,,12,183,202.006453616
5c28,ok,,12,183,183.056325
5c2a,ok,,20,176,308.08624522400004
5c2h,ok,,31,168,453.13900906800006
5cy9,ok,,23,162,332.1194635
5czm,ok,,52,158,816.09626973
5d0c,ok,,29,133,415.15657728
5d0r,ok,,19,201,353.88426115199997
5d1r,ok,,17,180,242.2245802
5d21,ok,,18,141,256.094688232
5d24,skip,rdkit_parse_failed,0,0,0.0
5d25,skip,rdkit_parse_failed,0,0,0.0
5d26,skip,rdkit_parse_failed,0,0,0.0
5d2r,ok,,26,209,397.13704346208993
5c2o,ok,,29,183,481.989263114
5c3p,ok,,10,248,146.02152329199998
5c5t,ok,,10,265,146.02152329199998
5c8n,ok,,31,196,425.27718409609
5cap,ok,,29,203,418.1787096919999
5caq,ok,,29,198,399.218286672
5cas,ok,,34,192,483.20058592000004
5cau,ok,,34,193,483.20058592000004
5cbm,ok,,16,216,244.07332101008998
5cbr,ok,,21,218,327.02977405609
5cbs,ok,,19,194,258.11246979209
5cc2,ok,,15,209,223.003620732
5cep,ok,,25,201,354.19000681609003
5ceq,ok,,29,172,393.23973596809
5chk,ok,,18,225,242.06914218
5cj6,ok,,18,216,264.102940844
5cjf,ok,,25,159,352.088163372
5cks,ok,,19,198,303.03553227799995
5cp5,ok,,26,164,370.07874156
5cp9,ok,,10,145,140.047344116
5cqt,ok,,25,158,358.135113564
5cqu,ok,,25,178,597.81951833209
5cs3,ok,,16,153,254.12893102418
5cs6,ok,,13,121,200.08366820009
5cso,ok,,18,203,243.085520516
5csp,ok,,11,228,152.047344116
5cst,ok,,26,183,403.0181815600001
5ct2,ok,,14,155,222.11584092009
5cu4,ok,,34,170,480.16846044409
5cxa,ok,,45,152,642.172870872
5d3c,ok,,46,159,657.183769904
5d3h,skip,rdkit_parse_failed,0,0,0.0
5d3j,skip,rdkit_parse_failed,0,0,0.0
5d3l,skip,rdkit_parse_failed,0,0,0.0
5d3n,skip,rdkit_parse_failed,0,0,0.0
5d3p,skip,rdkit_parse_failed,0,0,0.0
5d3t,skip,rdkit_parse_failed,0,0,0.0
5d3x,ok,,28,122,499.9287101919998
5d45,ok,,29,224,381.17287897600005
5d47,ok,,31,221,412.178692628
5dhu,skip,rdkit_parse_failed,0,0,0.0
5dit,ok,,49,122,681.41094320409
5dkn,skip,rdkit_parse_failed,0,0,0.0
5dlx,ok,,35,129,497.2538618080901
5dnu,ok,,11,227,152.047344116
5dpx,skip,rdkit_parse_failed,0,0,0.0
5dq8,ok,,20,205,281.06636322
5dqc,ok,,49,192,696.3425463600901
5dqe,ok,,17,206,290.98949066
5dqf,ok,,27,135,390.16992324418
5d48,skip,rdkit_parse_failed,0,0,0.0
5d6j,ok,,31,200,506.99574546200006
5dbm,ok,,22,170,298.179361324
5dex,ok,,20,223,281.13645892818
5dey,ok,,35,195,493.17494279209006
5dfp,ok,,37,191,520.25861284009
5dgu,ok,,42,196,606.261101924
5dgw,ok,,43,196,620.3000128520899
5dh4,ok,,19,179,293.050194064
5dh5,ok,,28,172,375.18075829200006
5drr,ok,,31,201,425.11871246400005
5dus,ok,,36,169,559.0716736759997
5duw,ok,,27,127,422.07302638399983
5dw2,ok,,14,186,196.084792244
5dwr,ok,,32,198,441.18967246809007
5dx4,ok,,28,149,460.009240124
5dxt,ok,,28,195,382.17533856400007
5dyo,ok,,25,196,332.0684734839999
5e13,ok,,33,104,441.16214808800004
5e1s,ok,,39,167,529.32665970818
5e28,ok,,17,191,248.061948624
5e2k,ok,,17,190,248.061948624
5e2l,ok,,12,249,166.08625504409
5e2o,ok,,37,170,518.146930896
5e2p,ok,,40,168,557.1578299280001
5e2r,ok,,25,152,352.088163372
5e2s,ok,,19,200,275.097999784
5e3a,ok,,40,177,556.27657497609
5e6o,skip,rdkit_parse_failed,0,0,0.0
5e73,ok,,24,137,322.131742436
5e74,ok,,33,123,452.134777128
5e7n,ok,,30,138,488.00415474399995
5e89,ok,,45,123,648.18138936
5e8f,ok,,39,144,582.32686175627
5ect,ok,,28,186,466.98959746199984
5edb,ok,,21,220,297.05565630399997
5edc,ok,,26,222,366.113505528
5edd,ok,,28,175,466.98959746199984
5edl,ok,,18,245,266.120132196
5eei,ok,,19,171,264.1473925
5eek,ok,,22,154,302.16304256399997
5een,ok,,22,162,316.051777864
5ef7,ok,,23,144,314.126657056
5efa,skip,rdkit_parse_failed,0,0,0.0
5efc,skip,rdkit_parse_failed,0,0,0.0
5efh,ok,,17,230,260.17006547618
5efj,ok,,33,148,466.20636391999994
5egm,skip,rdkit_parse_failed,0,0,0.0
5egu,ok,,34,153,484.23689326400006
5eh5,ok,,11,226,173.025897464
5eh7,skip,rdkit_parse_failed,0,0,0.0
5eh8,ok,,14,159,192.078644244
5ehq,ok,,49,192,644.3375932800001
5ehr,ok,,23,228,352.10902742009
5ehv,ok,,23,137,312.09977361200004
5ehw,ok,,13,187,215.974484792
5ei3,skip,rdkit_parse_failed,0,0,0.0
5eij,ok,,21,171,434.957216688
5eis,ok,,21,174,304.072703336
5ekm,ok,,19,192,286.12198892008996
5el9,ok,,13,239,207.04089242999999
5elw,ok,,13,248,207.04089243
5en3,ok,,21,214,304.013851068
5eng,ok,,34,132,471.23583861618
5ep7,ok,,20,145,272.079706864
5epl,ok,,57,163,795.5014895240902
5epn,ok,,53,124,756.351648244
5eq1,ok,,13,159,189.036068224
5eqe,ok,,17,194,236.21102709226997
5eqp,ok,,19,190,257.18810057618
5eqy,ok,,32,164,435.3340019923601
5er1,ok,,37,245,522.37702354018
5er2,skip,rdkit_parse_failed,0,0,0.0
5er4,ok,,20,121,265.11027872
5etb,skip,rdkit_parse_failed,0,0,0.0
5etj,skip,rdkit_parse_failed,0,0,0.0
5eu1,ok,,26,146,354.18121804808993
5ev8,ok,,13,197,238.00246804409
5evb,ok,,13,161,238.00246804409
5evd,ok,,15,161,266.03376817209
5evk,ok,,13,157,238.00246804409
5evz,ok,,27,216,427.02941494000015
5ew0,ok,,13,227,238.00246804409
5ewa,ok,,15,182,266.03376817209
5ewk,ok,,22,184,296.13935323609
5ewy,ok,,22,183,300.091020496
5exl,skip,rdkit_parse_failed,0,0,0.0
5exm,ok,,36,155,487.27036740009004
5exn,ok,,42,164,579.1785653720001
5exw,ok,,31,223,506.00049649400006
5ey0,skip,rdkit_parse_failed,0,0,0.0
5ey4,ok,,30,142,491.0008308420001
5eyr,ok,,24,225,326.22268893609
5f08,ok,,22,224,300.22016351599996
5f0f,ok,,23,224,311.19976242
5f1h,ok,,26,147,354.18121804808993
5f1r,ok,,27,205,377.108564468
5f1v,ok,,22,111,322.2558112483599
5f1x,ok,,31,215,506.99574546200006
5f25,ok,,18,149,242.105527688
5f2p,ok,,15,167,204.101111004
5f2r,ok,,31,237,505.0164809060001
5f2u,ok,,51,173,748.4524907320899
5f5z,ok,,36,147,510.26457081209
5f60,ok,,37,136,544.2255984600902
5f61,ok,,37,151,528.25514900009
5f62,ok,,38,135,562.21617664809
5f63,ok,,41,122,604.2267413320901
5f74,ok,,23,181,347.0630844180001
5f8y,ok,,12,166,180.08664896809
5f9b,ok,,35,184,488.3501746359999
5fbi,skip,rdkit_parse_failed,0,0,0.0
5fck,ok,,34,167,484.142594464
5fcz,ok,,14,219,221.07217896
5fdc,ok,,15,201,242.01836956
5fdi,ok,,17,196,274.0081988
5fe6,ok,,12,187,167.11788952009
5fe7,ok,,14,179,194.105527688
5fe9,ok,,18,176,266.072513308
5fh7,ok,,19,194,274.07416613609
5fh8,ok,,21,179,302.11859090800004
5fhm,ok,,26,242,361.14875492818004
5fhn,ok,,25,243,345.13057944409
5fho,ok,,25,238,365.07595702809
5fl4,ok,,24,168,356.040167624
5fl5,ok,,22,161,336.03508224399997
5fl6,ok,,21,166,320.040167624
5flo,skip,rdkit_parse_failed,0,0,0.0
5flq,ok,,18,184,242.094294308
5fls,ok,,13,159,196.029107208
5flt,ok,,16,154,214.06299418
5fnc,ok,,17,210,248.08287409599998
5fnd,ok,,15,215,221.062282972
5fnf,ok,,17,202,230.06914218
5fng,skip,rdkit_parse_failed,0,0,0.0
5fnr,ok,,22,188,315.077454368
5fns,ok,,29,194,436.097203832
5fnt,ok,,34,185,498.112853896
5fnu,ok,,39,182,550.18860568
5fog,ok,,27,192,366.18842866808995
5fol,ok,,27,200,380.20407873208995
5fot,skip,rdkit_parse_failed,0,0,0.0
5fou,skip,rdkit_parse_failed,0,0,0.0
5fov,skip,rdkit_parse_failed,0,0,0.0
5fox,skip,rdkit_parse_failed,0,0,0.0
5fpk,ok,,32,107,449.227433712
5fs5,ok,,19,165,278.172938552
5fsc,ok,,16,123,234.110338296
5fsn,ok,,13,233,183.100776656
5fso,ok,,10,244,141.053826464
5fsx,ok,,27,177,427.02941494000015
5fsy,ok,,36,179,559.0716736759997
5ftg,ok,,36,158,485.29110284409006
5fto,skip,rdkit_parse_failed,0,0,0.0
5fut,ok,,38,153,508.35659740799997
5fyx,ok,,25,149,377.15502477227
5g17,ok,,22,189,319.13952816
5g1a,ok,,31,176,480.03433075600003
5g1z,ok,,22,210,316.088163372
5g2b,ok,,39,153,528.273655632
5g2g,ok,,20,198,262.099379688
5g45,ok,,12,215,160.063662876
5g46,ok,,13,133,173.084063972
5g4m,ok,,19,177,257.14485321609
5g4n,ok,,20,179,275.13543140409
5g4o,ok,,22,178,307.14165965609
5g57,skip,rdkit_parse_failed,0,0,0.0
5g5f,ok,,20,170,308.09108271608994
5g5v,ok,,36,163,487.247106536
5g5z,ok,,34,163,504.16903494399963
5h1u,ok,,13,161,193.030982844
5h1v,ok,,15,180,225.06733381217998
5h5f,ok,,27,240,401.16016532009013
5h85,skip,rdkit_parse_failed,0,0,0.0
5h8e,ok,,31,198,418.2098328080901
5h8g,ok,,33,194,446.24113293609014
5h9r,ok,,34,135,503.137378632
5ha1,ok,,21,218,286.25292644409
5hbn,error,canon_substruct_match_failed,0,0,254.07745763009
5hbs,ok,,21,219,286.22966558
5hct,skip,rdkit_parse_failed,0,0,0.0
5hcv,ok,,28,229,373.111421592
5hcy,ok,,39,198,550.2110724400001
5hi7,ok,,32,220,455.2713954802701
5his,ok,,9,239,142.008850432
5hjq,ok,,24,127,419.9623796699999
5hrv,skip,rdkit_parse_failed,0,0,0.0
5hrw,skip,rdkit_parse_failed,0,0,0.0
5hrx,skip,rdkit_parse_failed,0,0,0.0
5htl,ok,,46,144,690.0948687079998
5g60,ok,,45,148,666.221858364
5g61,ok,,56,132,828.2746817840001
5gj9,ok,,9,260,124.027277368
5gja,ok,,9,255,123.0320284
5gmh,ok,,23,211,314.174275944
5gmn,ok,,25,191,361.07840721199995
5gof,skip,rdkit_parse_failed,0,0,0.0
5gs9,ok,,13,220,175.11895214009
5gsa,ok,,26,182,369.08956034
5h1t,ok,,15,158,206.105527688
5htz,ok,,27,194,408.048145464
5hu9,ok,,43,197,597.29157757618
5hva,ok,,28,196,466.98959746199984
5hvs,ok,,33,153,442.10773317999997
5hvt,ok,,20,215,271.084457896
5hwu,ok,,28,191,466.98959746199984
5hwv,ok,,7,260,92.062600256
5hz5,skip,rdkit_parse_failed,0,0,0.0
5hz6,ok,,26,222,367.13390662399996
5hz8,ok,,27,212,400.07453317599993
5hz9,ok,,21,222,297.05565630399997
5i1q,skip,rdkit_parse_failed,0,0,0.0
5i29,skip,rdkit_parse_failed,0,0,0.0
5i2e,skip,rdkit_parse_failed,0,0,0.0
5i2f,ok,,26,167,387.09610226399997
5i3a,ok,,8,222,110.036779432
5i3v,ok,,30,165,404.257611644
5i3w,ok,,36,194,487.1047317360001
5i3x,ok,,44,154,590.3057047079999
5i3y,ok,,46,160,617.31660374
5i7x,skip,rdkit_parse_failed,0,0,0.0
5i7y,skip,rdkit_parse_failed,0,0,0.0
5i80,skip,rdkit_parse_failed,0,0,0.0
5i88,skip,rdkit_parse_failed,0,0,0.0
5i8g,ok,,29,143,386.18550932400007
5i9x,ok,,36,182,531.17929805218
5i9y,ok,,33,180,488.16299820409006
5i9z,skip,rdkit_parse_failed,0,0,0.0
5ia0,ok,,37,180,518.1157110199999
5ia1,ok,,34,177,476.0851598400001
5ia2,ok,,31,209,417.143704088
5ia3,ok,,29,200,442.04218749200004
5ia4,ok,,46,217,633.25191770009
5ia5,ok,,46,220,635.30206200818
5ie1,ok,,29,158,389.246712612
5igm,ok,,28,160,404.12667412
5ih9,ok,,32,168,434.2783125481801
5ihh,ok,,22,217,300.063388104
5ii2,ok,,21,171,286.04773804
5ijr,ok,,14,188,189.13460220409
5ikb,ok,,15,220,214.10738441209
5ime,ok,,32,189,452.15962707609015
5ioz,ok,,14,243,195.162314292
5ipc,skip,rdkit_parse_failed,0,0,0.0
5ipj,skip,rdkit_parse_failed,0,0,0.0
5irr,skip,rdkit_parse_failed,0,0,0.0
5isz,ok,,69,193,966.5658806720901
5ito,ok,,18,248,247.14008150809
5itp,ok,,18,247,247.14008150809
5ivc,ok,,26,206,347.126991404
5ive,ok,,16,233,216.101111004
5ivv,ok,,20,209,268.096025624
5ivy,ok,,20,198,290.04581989200005
5iwg,ok,,23,236,314.143056068
5ix0,ok,,25,236,340.158706132
5iyy,ok,,23,138,308.1484551200001
5izf,skip,rdkit_parse_failed,0,0,0.0
5izj,skip,rdkit_parse_failed,0,0,0.0
5j0d,ok,,35,135,482.26494767208993
5j1r,ok,,14,244,189.078978592
5j1x,ok,,20,157,274.164105184
5j20,ok,,31,207,424.118297864
5j27,ok,,29,199,422.106018928
5j2x,ok,,22,218,364.98113146800006
5j3l,ok,,15,246,231.129299912
5j41,ok,,37,147,546.17520626409
5j64,ok,,21,219,287.0706194
5j6a,ok,,35,150,504.19113110009
5j6l,ok,,29,218,400.154683372
5j6m,ok,,31,209,424.118297864
5jq5,ok,,29,208,395.25538603209003
5js3,ok,,31,165,455.25490794599995
5jsg,ok,,43,80,587.41882877618
5jsj,ok,,50,105,687.4945191362701
5jsq,skip,rdkit_parse_failed,0,0,0.0
5jss,ok,,31,162,455.2549079459999
5jt9,ok,,24,170,357.14535749799995
5jvi,ok,,29,167,427.22360781799995
5jxn,ok,,29,166,427.22360781799995
5jxq,skip,rdkit_parse_failed,0,0,0.0
5jfp,ok,,43,203,620.313137496
5jfu,ok,,46,191,654.2974874319999
5jg1,ok,,44,200,634.32878756
5jgi,ok,,16,172,216.122240372
5jgq,ok,,21,136,278.1378904360001
5jhb,ok,,31,198,459.139735252
5jhk,ok,,25,128,335.159354152
5ji8,ok,,13,180,193.030982844
5jop,ok,,48,117,707.24840746
5jox,ok,,9,221,134.08116966409
5j6n,ok,,29,211,422.106018928
5j7q,ok,,17,210,226.07422756
5j7w,ok,,33,187,454.1713158039999
5j82,ok,,29,203,422.106018928
5j86,ok,,31,216,436.12052612
5j8m,ok,,22,222,364.98113146800006
5j8u,ok,,21,221,287.0706194
5j8z,ok,,32,145,489.033223672
5j9x,ok,,29,203,401.16195982409
5ja0,ok,,24,186,382.1310264959999
5kh3,ok,,15,168,240.996427176
5khm,ok,,35,180,480.2717643680901
5kly,skip,rdkit_parse_failed,0,0,0.0
5km9,ok,,19,152,267.096753896
5kma,skip,rdkit_parse_failed,0,0,0.0
5ko1,ok,,27,209,366.11281856
5ko5,skip,rdkit_parse_failed,0,0,0.0
5kqx,ok,,49,188,671.3915451520899
5kqy,ok,,38,212,545.2195714599999
5kr0,ok,,35,200,505.2246568399999
5jy3,ok,,40,191,608.1114901760001
5jzi,ok,,70,181,998.64771903218
5k03,skip,rdkit_parse_failed,0,0,0.0
5k0h,ok,,39,160,537.204590092
5k0m,ok,,34,159,488.26102848418
5k1d,skip,rdkit_parse_failed,0,0,0.0
5k1f,ok,,23,155,348.04710000600005
5k8s,ok,,22,224,329.0525197340001
5k9w,ok,,18,195,271.03831887209003
5ka1,ok,,18,195,271.03831887209003
5ka7,ok,,18,194,271.03831887209003
5ka9,ok,,18,174,271.03831887209003
5kab,ok,,18,169,265.999742292
5kad,ok,,18,193,271.03831887209003
5kat,ok,,25,145,340.13808730200003
5kax,ok,,33,171,444.24129288399996
5kbe,ok,,7,263,94.041864812
5kby,ok,,26,191,358.16737955209
5kcb,ok,,24,155,315.17354767200004
5kej,ok,,26,147,392.18498310009
5kr1,ok,,38,209,545.2195714599999
5kr2,ok,,49,177,671.3915451520899
5kva,ok,,27,200,401.16016532009013
5kz0,ok,,29,191,397.19140322800007
5l2s,ok,,37,196,508.2863523681802
5l30,skip,rdkit_parse_failed,0,0,0.0
5l3a,skip,rdkit_parse_failed,0,0,0.0
5l4i,ok,,18,212,262.050905272
5l4j,ok,,17,206,250.0299798
5l4m,ok,,14,221,254.925676028
5l7e,ok,,24,223,342.10381343599994
5l7g,ok,,31,231,448.12683462399997
5l7h,ok,,28,234,398.13002818399985
5l8a,ok,,35,140,471.23906727209004
5l8c,ok,,35,160,474.22670544
5l8y,ok,,42,162,572.29987038
5l9g,ok,,21,271,311.14489211609003
5l9i,ok,,21,265,309.12924205209004
5l9l,ok,,21,265,311.14489211609003
5l9o,ok,,21,235,311.14489211609003
5llh,ok,,24,181,393.95275331199997
5lli,ok,,37,121,523.225325536
5llo,ok,,29,205,450.05309830400006
5llp,ok,,30,210,464.06874836799994
5lne,ok,,26,130,383.14276061999993
5lny,skip,rdkit_parse_failed,0,0,0.0
5lom,ok,,21,231,309.12924205209004
5lsg,ok,,33,194,456.3603453959999
5lsh,ok,,48,135,708.2688085559998
5lso,skip,rdkit_parse_failed,0,0,0.0
5laq,skip,rdkit_parse_failed,0,0,0.0
5ld8,ok,,18,187,267.104147784
5ldm,ok,,23,138,347.0630844180001
5ldp,ok,,31,128,506.99574546200006
5lif,ok,,35,158,511.24473718599995
5ljq,ok,,23,159,330.07866130799994
5ljt,ok,,23,157,330.07866130799994
5llc,ok,,26,199,408.04253362000003
5lle,ok,,25,182,378.102511696
5llg,ok,,14,213,231.038770656
5ltn,ok,,14,136,192.042258736
5lud,ok,,8,190,109.06399722399999
5lvd,ok,,22,171,331.09332192599993
5lvl,skip,rdkit_parse_failed,0,0,0.0
5lvq,ok,,17,172,235.120843404
5lvr,ok,,15,171,202.08546094
5lwd,ok,,28,161,414.166821214
5lwm,skip,rdkit_parse_failed,0,0,0.0
5lyn,ok,,55,103,788.36724044809
5lyr,ok,,22,159,326.14455776809
5mgf,skip,rdkit_parse_failed,0,0,0.0
5mgj,ok,,14,168,217.050570924
5mgk,skip,rdkit_parse_failed,0,0,0.0
5mjn,ok,,18,180,320.971869304
5mkr,ok,,34,160,488.15749558000005
5mks,ok,,31,168,448.16258096
5mlj,ok,,23,147,377.09714984409
5mme,ok,,27,150,371.1368873919999
5mmg,ok,,26,155,372.11437811999986
5mn1,ok,,7,212,94.053098192
5mnn,ok,,10,209,127.11094741599999
5mnr,ok,,31,167,459.20031241408986
5mo8,ok,,34,166,480.16846044408993
5mod,ok,,13,200,200.08366820009
5mpk,skip,rdkit_parse_failed,0,0,0.0
5mpn,skip,rdkit_parse_failed,0,0,0.0
5mpz,ok,,14,177,193.037507704
5mqe,skip,rdkit_parse_failed,0,0,0.0
5mrb,ok,,43,184,579.31904890809
5mrm,ok,,18,212,384.85608722800004
5lz4,ok,,20,204,276.127406004
5lz5,ok,,25,182,338.143056068
5lz7,ok,,25,184,338.143056068
5m04,skip,rdkit_parse_failed,0,0,0.0
5m17,ok,,21,167,310.126382284
5m23,ok,,54,101,740.3838339800901
5m25,ok,,46,121,629.35180558009
5m28,ok,,34,181,504.1690349439998
5m5d,ok,,21,162,308.11073222
5m77,ok,,32,147,504.15677932808984
5m7s,ok,,16,219,248.083077992
5m7u,ok,,27,196,391.18391839209
5m9w,ok,,28,157,415.15083680199996
5ma7,ok,,30,158,445.18466235008987
5mby,ok,,8,230,116.07060498009
5meh,ok,,11,219,164.09173434809
5mek,ok,,27,243,427.02941494000015
5mes,ok,,55,124,782.3234368600899
5mg2,ok,,32,143,429.168856216
5mge,ok,,14,158,217.050570924
5n0e,ok,,30,144,424.10929273999994
5n0f,ok,,21,163,326.1267995280899
5n17,ok,,25,138,354.10381343599994
5n18,ok,,25,157,329.1528122280001
5n1r,ok,,22,161,313.08849772
5n1s,skip,rdkit_parse_failed,0,0,0.0
5n1z,ok,,36,152,487.19680228000004
5n24,ok,,18,177,258.04629856
5n25,ok,,16,195,234.04629856
5n2t,ok,,28,171,415.2104831740899
5mro,ok,,18,229,260.046488588
5mrp,ok,,20,226,284.046488588
5msb,ok,,20,227,336.97017720400004
5mwh,ok,,34,120,486.19369105999994
5mwp,ok,,29,230,399.123048896
5mwy,ok,,30,222,414.2042386799999
5mxf,ok,,12,149,178.084123548
5my8,ok,,37,194,508.19548612009
5mz8,ok,,8,254,118.02660867200001
5n0d,ok,,30,161,424.10929273999994
5n2z,ok,,29,165,429.22613323809
5n31,ok,,32,167,471.21343705799984
5n34,ok,,27,169,401.19483311009
5n3v,ok,,26,169,387.17918304609
5n3y,ok,,30,166,445.18466235008987
5n6s,ok,,22,206,314.15901980399997
5n84,ok,,26,193,349.19026035600007
5n93,ok,,24,228,324.16985925999995
5n99,skip,rdkit_parse_failed,0,0,0.0
5n9r,ok,,30,219,489.07217472800005
5nap,ok,,28,205,378.20637017609
5nau,ok,,26,216,348.19580549208996
5nbw,ok,,21,226,268.088815004
5ndf,ok,,21,120,286.04773804
5ne5,ok,,16,206,232.069536104
5nea,ok,,16,194,238.04121318
5neb,ok,,15,232,214.08223228409
5nee,ok,,22,168,343.02966251600003
5ngz,ok,,11,144,165.04809570809
5nih,ok,,15,233,214.08223228409
5njz,ok,,32,173,470.14120014009
5nk2,ok,,33,183,488.13177832809004
5nk3,ok,,31,183,456.12555007609
5nk4,ok,,34,170,506.12235651609006
5nk6,ok,,33,180,484.13358934000007
5nk7,ok,,33,174,488.13177832809004
5nk8,ok,,37,172,540.18306495209
5nk9,ok,,34,169,498.14923940400007
5nka,ok,,35,169,512.12850396
5nkb,ok,,35,177,513.160138436
5nvx,ok,,36,129,516.220654756
5nw0,ok,,39,112,555.251540284
5nw1,ok,,36,125,512.2457266320001
5nw2,ok,,36,127,514.224991188
5nw7,ok,,16,233,261.04822845809
5nwe,ok,,20,201,285.18088370009
5nwi,ok,,48,127,697.22289832609
5nxg,ok,,23,157,355.0029691
5nxi,ok,,21,172,389.93436093200006
5nxo,ok,,20,170,292.051777864
5nkc,ok,,33,189,484.09720383200005
5nkd,ok,,34,187,498.11285389600005
5nkg,ok,,34,174,498.17250026809006
5nkh,ok,,39,161,561.1833993000901
5nki,ok,,33,183,506.084924896
5nlk,ok,,33,143,449.15868545599994
5nn5,ok,,11,231,164.09173434809
5nn6,ok,,14,226,208.11794909608997
5nvv,ok,,34,130,488.20934112399993
5nvw,ok,,35,132,498.2300765680001
5o07,ok,,16,209,250.03719042
5o1d,ok,,20,166,386.996755928
5o1f,ok,,21,165,401.0124059919999
5o1h,ok,,20,167,402.9739123079999
5o2d,skip,rdkit_parse_failed,0,0,0.0
5o4f,ok,,15,220,214.08223228409
5o58,skip,rdkit_parse_failed,0,0,0.0
5o5a,ok,,30,124,403.1644395320001
5o87,ok,,12,238,163.12297490009
5o9o,ok,,51,131,725.264332296
5nxp,ok,,22,168,319.09906240400005
5nxw,ok,,21,170,345.00240221200005
5ny1,ok,,26,141,372.11437811999997
5ny3,ok,,23,146,353.06009005199996
5nya,ok,,10,233,157.019749464
5nyh,skip,rdkit_parse_failed,0,0,0.0
5nz4,ok,,20,203,285.18088370009
5nze,ok,,20,207,285.18088370009
5nzf,ok,,20,202,285.18088370009
5nzn,ok,,20,205,285.18088370009
5o9p,ok,,47,135,676.2439311999999
5o9q,ok,,47,125,675.248682232
5o9r,ok,,46,127,681.2051031679998
5o9y,ok,,47,136,676.2803167079998
5oa2,ok,,50,128,720.23376044
5oa6,ok,,51,133,726.295966772
5oaj,skip,rdkit_parse_failed,0,0,0.0
5obg,ok,,25,207,335.17540439608996
5od1,ok,,28,154,424.03817513399986
5odx,skip,rdkit_parse_failed,0,0,0.0
5oei,ok,,11,255,160.037173356
5ogb,ok,,26,197,345.17287897599994
5oh2,ok,,6,208,85.052763844
5oh3,ok,,10,197,141.078978592
5oh4,ok,,8,202,113.047678464
5oh7,ok,,7,207,100.027277368
5oh9,ok,,7,205,116.988449336
5oha,ok,,7,206,116.004433748
5oht,ok,,13,239,212.05871996809
5ohy,ok,,13,240,212.05871996809
5oku,ok,,10,263,146.0579088
5om2,ok,,32,130,445.1605421800899
5om3,ok,,32,142,447.1761922440899
5om7,ok,,39,160,544.18133720009
5oot,ok,,42,148,572.3212399801799
5op4,ok,,31,160,443.158052412
5op5,skip,rdkit_parse_failed,0,0,0.0
5oq8,ok,,30,193,403.21285252409
5oqu,ok,,17,224,248.08366820009
5org,ok,,18,253,247.14008150809
5orh,ok,,16,175,232.08875358008999
5orj,ok,,17,226,246.10440364408998
5ork,ok,,16,231,236.06368170409
5orv,ok,,11,156,206.984626908
5orw,ok,,18,142,269.088577972
5os2,ok,,16,140,221.16483971209
5os4,ok,,17,153,229.11027872
5os5,ok,,15,149,218.04015056
5os7,ok,,18,221,260.12005370809
5os8,ok,,17,140,250.07933176809
5ose,ok,,13,118,219.013618528
5osl,ok,,16,141,234.06801813609
5oss,skip,rdkit_parse_failed,0,0,0.0
5ost,skip,rdkit_parse_failed,0,0,0.0
5ot8,ok,,18,239,247.14008150809
5ot9,skip,rdkit_parse_failed,0,0,0.0
5ota,ok,,14,243,206.12555989618
5otc,ok,,13,240,192.10990983218
5otr,ok,,16,225,252.03413116408998
5otz,ok,,18,227,280.06543129209
5ouh,ok,,25,182,338.21145555608996
5ov8,ok,,33,117,470.19877644
5ovc,ok,,54,131,758.3922671679999
5ovp,ok,,49,136,701.39595558
5ovr,ok,,28,141,438.019065634
5ovv,ok,,51,145,732.354150344
5ovx,ok,,28,143,438.01906563399996
5owl,ok,,17,222,487.7602721400901
5oxk,ok,,15,202,218.11353241209
5qa8,ok,,16,159,214.06299418
5qal,ok,,18,151,241.073893212
5qay,ok,,15,159,201.078978592
5qqp,skip,rdkit_parse_failed,0,0,0.0
5qtt,ok,,43,171,605.195358308
5std,ok,,28,368,375.15470404800004
5sxm,ok,,56,107,778.397352548
5sym,ok,,28,207,416.09833019608993
5sz0,ok,,16,196,233.051049592
5sz1,ok,,17,190,247.066699656
5sz2,ok,,18,114,261.045964212
5t9w,ok,,40,124,555.31771151609
5t9z,ok,,46,109,635.34392626409
5ta2,ok,,47,108,649.3595763280899
5ta4,ok,,40,126,557.3333615800899
5tb6,skip,rdkit_parse_failed,0,0,0.0
5tbe,ok,,44,202,614.179932816
5tbm,ok,,26,254,383.0439135239999
5tcj,ok,,21,190,283.12411777209
5tcy,ok,,27,143,374.1477864239999
5tef,skip,rdkit_parse_failed,0,0,0.0
5sz3,ok,,20,176,284.061948624
5sz4,ok,,16,207,233.051049592
5sz5,ok,,17,201,247.066699656
5sz6,ok,,18,189,261.045964212
5sz7,ok,,20,186,284.061948624
5t19,ok,,23,196,331.09906240399994
5t7s,ok,,23,112,342.11621152399994
5t8o,ok,,23,232,311.126991404
5t8p,ok,,17,232,246.04629856
5t9u,ok,,46,112,643.3701410120898
5u0g,ok,,18,193,267.05652889600003
5u0w,skip,rdkit_parse_failed,0,0,0.0
5u0y,skip,rdkit_parse_failed,0,0,0.0
5u0z,skip,rdkit_parse_failed,0,0,0.0
5u11,skip,rdkit_parse_failed,0,0,0.0
5u12,skip,rdkit_parse_failed,0,0,0.0
5u13,skip,rdkit_parse_failed,0,0,0.0
5u14,skip,rdkit_parse_failed,0,0,0.0
5u28,ok,,26,161,371.08274364399995
5u49,ok,,18,211,262.039671892
5tfx,ok,,22,172,317.047026832
5th4,ok,,8,229,129.024834844
5ti0,ok,,9,231,140.029585876
5tkj,ok,,52,92,733.42430182409
5tkk,ok,,52,123,733.42430182409
5tmn,ok,,32,251,471.21343705799995
5tmp,ok,,57,291,916.0145957179999
5tp0,ok,,13,210,148.074896256
5tpx,ok,,27,156,361.2135212200901
5tt3,ok,,16,182,258.01328418
5uff,ok,,33,140,488.17412032399983
5ufp,ok,,28,260,419.0250698999999
5ufr,ok,,34,184,469.1669380680001
5ufs,ok,,31,222,434.21046693199986
5uk8,skip,rdkit_parse_failed,0,0,0.0
5ula,ok,,26,125,370.108420148
5uln,ok,,21,173,325.035496844
5ulp,ok,,34,175,477.21249805617987
5ult,ok,,41,193,588.25053724
5umx,ok,,27,181,376.1382843599999
5u4b,ok,,18,227,240.078644244
5u4d,ok,,19,226,274.03967189200006
5u6j,ok,,42,164,592.2355558719998
5u8c,ok,,27,228,454.01619582609004
5uc4,ok,,23,205,307.120843404
5ucj,ok,,25,202,338.10667056000005
5ueu,ok,,28,156,414.09172452800004
5uez,ok,,23,160,308.1160923719999
5uf0,ok,,16,173,215.105862036
5ufc,ok,,36,149,529.2006694199998
5ttw,ok,,45,87,633.4202853201799
5tuo,ok,,10,232,179.977567368
5tuz,ok,,28,177,388.23431624009
5twj,ok,,27,197,401.16016532009013
5txy,ok,,13,224,177.042593084
5ty9,ok,,17,216,237.063722452
5tya,ok,,13,222,193.019749464
5u0d,ok,,17,207,253.040878832
5u0e,ok,,14,210,223.012555908
5u0f,ok,,18,195,283.033685276
5v0n,ok,,47,175,658.3057669280902
5v79,skip,rdkit_parse_failed,0,0,0.0
5v7a,skip,rdkit_parse_failed,0,0,0.0
5v82,ok,,30,213,408.17427650009
5var,ok,,18,129,246.18524080809
5vb5,ok,,37,191,525.27581982
5vb6,ok,,37,195,496.28382639200004
5vb7,ok,,35,193,469.27292736
5vc3,ok,,36,194,531.17929805218
5vc4,ok,,36,196,531.17929805218
5umy,ok,,36,211,489.142366696
5uoo,skip,rdkit_parse_failed,0,0,0.0
5uov,ok,,49,197,704.270227128
5upe,ok,,30,233,397.17902697600005
5upf,ok,,31,236,423.19581991199993
5upj,ok,,23,337,312.17254462799997
5upz,ok,,47,200,662.277420684
5ut6,ok,,23,206,307.118158036
5uv2,ok,,20,178,332.0590044279999
5uxf,ok,,44,155,658.1050394679999
5vcv,ok,,33,182,488.16299820409006
5vcw,ok,,33,192,468.15970732809
5vcy,ok,,36,192,531.17929805218
5vcz,ok,,36,197,531.17929805218
5vd0,ok,,37,195,501.27209871609006
5vd1,ok,,34,194,461.2771840960901
5vd2,ok,,34,166,474.19910870000007
5vd3,ok,,38,195,543.22374970818
5vgy,ok,,19,199,282.067427928
5vh0,ok,,16,262,202.07825032
5vi6,ok,,45,102,620.3209997480001
5vih,ok,,21,227,295.09573698818
5vij,ok,,21,224,357.03132093218
5vja,ok,,23,186,349.040023304
5vkc,ok,,57,144,762.352968572
5vl2,ok,,19,207,313.978045948
5vm0,ok,,19,205,313.978045948
5vo1,ok,,29,186,408.20057150009
5voj,ok,,53,125,754.3359981800004
5vp9,ok,,54,124,790.3746576561805
5wal,skip,rdkit_parse_failed,0,0,0.0
5wbm,skip,rdkit_parse_failed,0,0,0.0
5wbo,ok,,16,208,217.1215121
5wcm,ok,,13,146,202.004827672
5we9,ok,,34,122,468.160911624
5wex,ok,,21,172,325.035496844
5wgp,ok,,10,235,162.99392864
5wij,skip,rdkit_parse_failed,0,0,0.0
5win,ok,,27,196,394.065965684
5wl0,skip,rdkit_parse_failed,0,0,0.0
5x74,ok,,44,205,594.26750818809
5xg5,ok,,15,148,221.0899372
5xmx,ok,,32,198,433.18892296399997
5xo7,ok,,23,237,320.162373868
5xpi,ok,,26,77,376.18017249209004
5xsr,skip,rdkit_parse_failed,0,0,0.0
5xva,skip,rdkit_parse_failed,0,0,0.0
5xvg,skip,rdkit_parse_failed,0,0,0.0
5y12,ok,,23,214,337.098393708
5y13,ok,,22,219,384.99834109200003
5vr8,ok,,34,179,536.044455884
5vsf,ok,,29,177,400.27070174809
5vsj,ok,,28,221,434.14218841808986
5vyy,ok,,27,207,386.1033347679999
5w1e,ok,,10,270,138.031694052
5w2s,skip,rdkit_parse_failed,0,0,0.0
5w44,ok,,34,108,500.101810544
5wa5,ok,,42,101,572.3212399801799
5wa8,ok,,29,170,432.11584826200004
5wa9,ok,,29,168,432.11584826200004
5y8y,ok,,25,145,425.98850468
5y94,ok,,25,143,425.00448909200003
5ya5,skip,rdkit_parse_failed,0,0,0.0
5yas,ok,,11,422,183.995898624
5yfs,ok,,18,243,309.98548446399997
5yft,ok,,18,246,309.98548446399997
5yh8,skip,rdkit_parse_failed,0,0,0.0
5yhe,skip,rdkit_parse_failed,0,0,0.0
5yhg,skip,rdkit_parse_failed,0,0,0.0
5yj8,ok,,14,150,192.11313848809
5wlo,ok,,44,212,630.261101924
5wmg,ok,,33,139,438.16919056399996
5wp5,ok,,26,189,385.12886519209013
5wqc,ok,,32,200,454.167476312
5wuk,ok,,26,183,369.08956034
5wxh,ok,,58,88,818.4963037721801
5wyx,ok,,19,230,252.101111004
5wyz,ok,,19,241,251.094628656
5x54,skip,rdkit_parse_failed,0,0,0.0
5x62,ok,,26,200,385.12886519209013
5yjm,ok,,42,157,593.2041114240001
5yl2,ok,,27,227,366.1467238039999
5ymx,skip,rdkit_parse_failed,0,0,0.0
5yqx,ok,,22,162,296.116092372
5yum,ok,,9,222,132.10190510809
5yyf,ok,,60,108,832.43117809609
5yz2,ok,,23,150,347.0630844180001
5z5f,ok,,10,222,150.05282342
5z66,ok,,23,280,336.1652932120899
5z7b,ok,,12,261,168.042258736
5z7j,ok,,23,232,320.162373868
5z99,ok,,21,224,309.105981188
5za7,ok,,22,200,310.11831084400006
5za8,ok,,27,187,356.19473132400003
5za9,ok,,30,175,392.1834979440001
5zae,ok,,26,191,342.16784788000007
5zaf,ok,,26,196,342.16784788
5zag,ok,,27,198,354.1790812600001
5zaj,ok,,31,188,414.2002106280001
5zc5,ok,,31,186,410.17407613200015
5zdb,ok,,36,197,559.0716736759997
5zg0,ok,,22,198,320.11946349999994
5zg1,ok,,22,195,318.140198944
5zg3,ok,,25,197,354.103813436
5zhl,ok,,30,151,427.21622365209004
5zkc,ok,,23,228,318.16998466809
5znc,ok,,24,226,325.19105446009
5zni,ok,,26,197,379.12395890409
5zo8,ok,,28,197,394.14714104808996
5zvw,ok,,41,190,574.3307357880901
6aox,ok,,26,125,383.14276061999993
6aqs,skip,rdkit_parse_failed,0,0,0.0
6arm,ok,,21,151,301.07976644
6arn,ok,,20,161,286.105252916
6aro,ok,,22,151,307.105587264
6as8,ok,,30,148,417.142366696
6ayi,ok,,22,226,315.059030996
6ayo,skip,rdkit_parse_failed,0,0,0.0
6ayq,skip,rdkit_parse_failed,0,0,0.0
6ayr,skip,rdkit_parse_failed,0,0,0.0
6ays,skip,rdkit_parse_failed,0,0,0.0
6ayt,skip,rdkit_parse_failed,0,0,0.0
6b1k,ok,,24,191,319.106924656
6b4d,ok,,20,143,269.11642672
6b4l,skip,rdkit_parse_failed,0,0,0.0
6b4n,ok,,46,204,657.2356154479999
6b4u,ok,,41,159,549.2747840840899
6b59,ok,,26,146,375.11135840399993
6b5q,ok,,50,134,725.3246438000901
6b7a,skip,rdkit_parse_failed,0,0,0.0
5zw6,ok,,41,160,588.2922421040902
5zyg,ok,,30,193,423.18681478800005
5zyl,ok,,32,205,447.186814788
5zym,ok,,32,207,447.186814788
6a87,ok,,26,89,397.14065244399995
6abx,ok,,13,241,192.02700259600002
6ajr,ok,,8,247,112.027277368
6ajv,ok,,19,153,258.089208928
6ajy,ok,,20,156,272.104858992
6ajz,ok,,29,145,399.16818751999995
6b7b,skip,rdkit_parse_failed,0,0,0.0
6b96,skip,rdkit_parse_failed,0,0,0.0
6b97,ok,,24,170,355.08115775600004
6b98,ok,,13,180,197.04682293599998
6bbx,ok,,41,200,559.111460492
6bdy,ok,,27,141,383.1906197401801
6bhv,ok,,44,171,662.1138728359999
6bm5,ok,,27,136,401.16016532009013
6bm6,ok,,26,138,385.12886519209013
6bs3,ok,,27,161,427.02941494000015
6bs4,ok,,31,153,522.972901842
6c0s,ok,,46,163,663.187605832
6c2r,skip,rdkit_parse_failed,0,0,0.0
6c7q,skip,rdkit_parse_failed,0,0,0.0
6c7w,ok,,23,169,346.0695531679999
6c7x,ok,,24,163,380.03058081599994
6c85,ok,,8,203,112.052429496
6c9s,ok,,32,202,428.14845511999994
6c9v,ok,,30,205,412.185903248
6cbf,skip,rdkit_parse_failed,0,0,0.0
6cbg,skip,rdkit_parse_failed,0,0,0.0
6cdj,ok,,49,203,720.246298124
6cdl,ok,,49,211,718.23064806
6cdo,ok,,52,116,733.42430182409
6cdp,ok,,52,113,733.42430182409
6ce6,ok,,22,124,336.02384886399994
6ced,ok,,17,162,232.084792244
6cfc,ok,,35,174,552.11637106009
6chp,skip,rdkit_parse_failed,0,0,0.0
6cjr,ok,,33,196,464.203525384
6cjs,ok,,34,184,466.23364754408993
6cjv,ok,,23,108,396.01455060800004
6ckr,ok,,29,158,408.1256115
6cks,ok,,31,166,437.140927216
6ckw,ok,,34,206,477.1912615520901
6cn5,ok,,35,193,469.2477752320001
6cpa,ok,,33,296,478.150502454
6cpw,skip,rdkit_parse_failed,0,0,0.0
6cq1,skip,rdkit_parse_failed,0,0,0.0
6csp,ok,,10,239,141.078978592
6czf,skip,rdkit_parse_failed,0,0,0.0
6d15,ok,,18,181,268.050060146
6d16,ok,,18,178,270.02932470200005
6d17,ok,,19,173,284.00858925800003
6d18,ok,,18,177,268.050060146
6d19,ok,,18,176,331.94492214999997
6d1a,ok,,18,149,268.050060146
6d1b,ok,,18,164,270.02932470200005
6d1d,ok,,18,153,268.050060146
6d1g,ok,,18,163,331.94492214999997
6csq,ok,,10,241,143.094628656
6csr,ok,,10,239,137.047678464
6css,ok,,9,244,127.063328528
6cvf,ok,,25,140,408.05675814009004
6cvv,ok,,31,129,506.99574546200006
6cwh,ok,,21,180,305.111066568
6cwn,ok,,21,173,305.111066568
6czb,ok,,29,107,483.96852766999996
6czc,ok,,29,133,481.989263114
6cze,ok,,31,119,507.97976105000004
6d1h,ok,,16,164,239.03474443
6d1i,ok,,17,162,253.050394494
6d1j,ok,,18,150,267.066044558
6d1k,ok,,15,164,223.03982981000001
6d2o,skip,rdkit_parse_failed,0,0,0.0
6d3q,ok,,12,252,197.008923606
6d50,ok,,13,237,192.02700259600002
6d55,ok,,34,156,484.25065382818
6d56,skip,rdkit_parse_failed,0,0,0.0
6d5e,ok,,33,160,472.25065382818
6d5g,ok,,32,161,455.2241047321801
6d5h,ok,,33,172,483.15130683209003
6d5j,ok,,26,180,373.15897905609
6d78,ok,,57,190,814.50328041609
6d9s,skip,rdkit_parse_failed,0,0,0.0
6d9x,skip,rdkit_parse_failed,0,0,0.0
6dai,ok,,18,208,241.15789760799998
6dak,ok,,24,188,315.137162164
6dar,ok,,30,184,401.2103271040001
6dd0,ok,,18,183,275.999916394
6dq4,ok,,29,186,389.18517497600004
6dsp,ok,,10,282,150.05282342
6dy7,skip,rdkit_parse_failed,0,0,0.0
6dyn,skip,rdkit_parse_failed,0,0,0.0
6dyr,skip,rdkit_parse_failed,0,0,0.0
6dys,ok,,16,207,225.12336882409
6dyu,skip,rdkit_parse_failed,0,0,0.0
6dyv,skip,rdkit_parse_failed,0,0,0.0
6dyw,skip,rdkit_parse_failed,0,0,0.0
6dyy,skip,rdkit_parse_failed,0,0,0.0
6det,ok,,13,251,175.11895214009
6dgl,ok,,30,193,422.13002818399997
6dgq,ok,,29,180,456.1211203759999
6dgr,ok,,22,187,333.04933534
6dh1,ok,,39,203,561.2508715879999
6dh2,ok,,40,205,581.3134718439999
6dh6,ok,,38,211,547.2352215239999
6dh7,ok,,39,208,561.2508715879999
6dh8,ok,,40,190,581.3134718439999
6dif,ok,,42,213,602.2062278159999
6dyz,skip,rdkit_parse_failed,0,0,0.0
6dz0,skip,rdkit_parse_failed,0,0,0.0
6dz2,skip,rdkit_parse_failed,0,0,0.0
6dz3,skip,rdkit_parse_failed,0,0,0.0
6dzx,ok,,9,261,150.05832604409
6e1y,ok,,25,185,358.15603903600004
6e1z,ok,,14,204,192.053492116
6e22,skip,rdkit_parse_failed,0,0,0.0
6e23,ok,,35,184,497.1185439040001
6e4a,ok,,38,105,533.2658892921801
6dil,ok,,42,208,602.2062278159999
6dj1,ok,,46,201,628.3624706359999
6dj2,ok,,46,190,628.3624706359999
6dj5,ok,,42,201,604.2454518599999
6dj7,ok,,40,202,583.2163778999999
6dl2,ok,,22,164,311.109233164
6dpt,ok,,25,182,396.01175995600005
6dpx,ok,,22,191,341.01247116400003
6dpy,ok,,25,182,369.06823645199984
6dpz,ok,,20,186,304.14567824799997
6e5l,ok,,23,214,314.2245802
6e5t,ok,,19,212,258.161979944
6e6m,ok,,19,205,258.161979944
6e7j,ok,,46,190,651.261436272
6e7r,ok,,27,203,433.07500999608993
6e7t,ok,,30,204,475.12196018809
6e7u,ok,,31,206,489.13761025209004
6e9a,ok,,40,201,575.230136144
6ebe,ok,,28,151,420.035139732
6ecz,ok,,29,144,442.00064604399995
6edr,ok,,44,131,681.1019282479996
6eeb,skip,rdkit_parse_failed,0,0,0.0
6eed,ok,,30,196,420.16607725600005
6eeo,ok,,26,170,384.053983356
6efj,skip,rdkit_parse_failed,0,0,0.0
6ei5,ok,,31,199,408.1818867440901
6eif,skip,rdkit_parse_failed,0,0,0.0
6eij,ok,,33,184,465.17033608009
6eiq,ok,,30,186,424.18017249209
6eir,ok,,35,175,495.21728627209
6eis,skip,rdkit_parse_failed,0,0,0.0
6eiz,ok,,16,207,222.198365452
6ej2,ok,,29,202,378.20557607200004
6ej3,ok,,29,194,377.210327104
6ekq,ok,,24,128,349.1692734600899
6el5,ok,,30,193,433.13169543200013
6eln,skip,rdkit_parse_failed,0,0,0.0
6elo,skip,rdkit_parse_failed,0,0,0.0
6elp,ok,,28,207,391.10875449599996
6en5,ok,,30,189,430.2052667601798
6eog,ok,,32,151,487.05803936399997
6eol,ok,,33,150,521.019067012
6ep4,ok,,18,206,258.30240205618
6epa,ok,,26,141,358.113984196
6epy,ok,,34,209,504.1690349439998
6epz,ok,,23,212,342.116211524
6eq1,ok,,45,210,666.2218583639999
6eq2,skip,rdkit_parse_failed,0,0,0.0
6eq3,skip,rdkit_parse_failed,0,0,0.0
6eq5,skip,rdkit_parse_failed,0,0,0.0
6eux,skip,rdkit_parse_failed,0,0,0.0
6evn,ok,,53,99,746.38316528409
6evr,ok,,28,174,401.140927216
6ex1,ok,,25,186,360.13763898408996
6exi,ok,,19,256,267.096753896
6exj,ok,,50,146,717.354484692
6exs,ok,,19,231,293.15295470009005
6ey8,skip,rdkit_parse_failed,0,0,0.0
6ey9,skip,rdkit_parse_failed,0,0,0.0
6eya,skip,rdkit_parse_failed,0,0,0.0
6eq7,skip,rdkit_parse_failed,0,0,0.0
6eq8,ok,,23,207,342.11621152399994
6eqp,ok,,22,179,313.17329622009004
6equ,ok,,36,154,492.187149136
6eqv,ok,,51,133,679.391813668
6eqw,ok,,55,134,722.45727369209
6eqx,ok,,67,124,873.57543172809
6ets,skip,rdkit_parse_failed,0,0,0.0
6euc,ok,,21,187,297.20414456418
6euw,skip,rdkit_parse_failed,0,0,0.0
6eyb,skip,rdkit_parse_failed,0,0,0.0
6eyt,ok,,25,239,404.0021971479999
6ezq,ok,,27,211,378.1903199319999
6f05,ok,,23,156,356.07582657609
6f1j,ok,,9,228,134.08116966409
6f1n,ok,,31,193,441.110689708
6f20,skip,rdkit_parse_failed,0,0,0.0
6f28,ok,,18,234,256.11605783218
6f3b,ok,,23,181,335.093977024
6f90,ok,,14,226,200.079706864
6fng,ok,,37,198,503.16814292000015
6fni,ok,,37,207,503.16814292000015
6fnj,ok,,37,195,503.16814292000015
6fnq,skip,rdkit_parse_failed,0,0,0.0
6fnr,skip,rdkit_parse_failed,0,0,0.0
6fo5,ok,,37,128,522.1685389319999
6fs0,ok,,46,150,671.1791596279999
6fs1,skip,rdkit_parse_failed,0,0,0.0
6fsy,ok,,22,163,296.116092372
6ftf,ok,,21,234,292.080769484
6f92,ok,,14,216,200.079706864
6f9g,ok,,6,246,90.11460128818001
6f9u,ok,,38,188,535.2165942559998
6f9v,ok,,40,191,585.2588763120899
6fa4,ok,,29,131,392.19686811209004
6faa,ok,,27,178,427.02941494000015
6faf,ok,,23,191,335.093977024
6fag,ok,,23,196,337.07324158
6fba,ok,,12,228,160.052429496
6fcj,ok,,20,215,286.05090527199997
6fe0,ok,,26,181,412.11021925600005
6fe1,ok,,28,201,444.100048496
6fgg,ok,,26,108,359.17138163608996
6fh3,error,canon_substruct_match_failed,0,0,254.07745763009
6fhk,ok,,27,223,427.02941494000015
6fhq,ok,,10,142,158.03825929609
6fhu,ok,,19,116,275.17138163609
6fmc,ok,,41,93,585.1584510680899
6fmj,ok,,30,141,446.1446326920001
6fnf,ok,,37,206,503.16814292000015
6ftp,ok,,39,150,544.18133720009
6ftw,ok,,31,155,419.220891788
6ftz,skip,rdkit_parse_failed,0,0,0.0
6fuh,ok,,27,168,366.19245142809
6fui,ok,,29,166,392.20810149209
6fuj,ok,,21,170,283.18048977609004
6fv4,ok,,19,207,301.056267722
6fyz,ok,,25,189,337.122654972
6fz4,ok,,27,146,383.052918648
6g0z,skip,rdkit_parse_failed,0,0,0.0
6g14,skip,rdkit_parse_failed,0,0,0.0
6g24,ok,,16,148,230.04015056
6g25,skip,rdkit_parse_failed,0,0,0.0
6g27,ok,,20,156,270.16008868009
6g29,ok,,20,153,273.17098771209
6g2b,ok,,18,168,235.110947416
6g2c,ok,,19,170,254.116761068
6g2e,ok,,22,147,293.17607309209006
6g2f,ok,,24,162,322.12298932000004
6g2l,ok,,34,179,536.0419537839999
6g2m,ok,,34,179,516.0698827839999
6g2o,ok,,27,153,361.1823013440901
6g2r,ok,,31,145,463.04457772799987
6g2s,ok,,29,148,422.0788793
6g34,ok,,20,226,391.998152896
6g35,ok,,20,229,344.01201699599994
6g36,ok,,20,228,300.06253257599997
6g37,ok,,20,228,284.092083116
6g38,ok,,19,223,266.101504928
6g39,ok,,20,226,391.998152896
6ghh,ok,,15,202,210.161979944
6ghj,ok,,26,185,365.18194632009
6gj6,skip,rdkit_parse_failed,0,0,0.0
6gj8,skip,rdkit_parse_failed,0,0,0.0
6gji,ok,,25,140,346.175338564
6gjj,ok,,20,163,279.158291532
6gjl,skip,rdkit_parse_failed,0,0,0.0
6gjm,ok,,21,166,293.173941596
6gjn,ok,,34,150,526.1440342039999
6gjr,ok,,25,163,347.17058753200007
6g3a,ok,,20,227,391.998152896
6g3q,ok,,17,184,280.0122386240001
6g3v,ok,,22,182,337.0449357200001
6g5l,ok,,24,215,375.10195486400005
6g5u,ok,,19,210,324.010218668
6g6t,ok,,19,208,324.010218668
6g7a,ok,,25,206,383.07065473600005
6g98,ok,,38,160,572.19903426
6g9i,ok,,22,148,315.16225286809
6g9u,ok,,34,166,516.136434004
6g9x,ok,,10,211,154.008850432
6gdy,ok,,10,234,146.02152329199998
6ge7,ok,,21,181,298.287180456
6gf9,ok,,19,200,270.255880328
6gfs,ok,,17,201,242.2245802
6gfz,ok,,34,135,490.2050046920001
6gg4,ok,,12,230,166.08625504409
6gga,ok,,19,161,317.06478709609
6ggb,ok,,23,158,321.14199609209004
6ggf,ok,,24,155,335.15764615609004
6gjw,ok,,58,170,870.0277501320003
6gl8,ok,,53,122,711.31771151609
6gl9,skip,rdkit_parse_failed,0,0,0.0
6gla,skip,rdkit_parse_failed,0,0,0.0
6glb,skip,rdkit_parse_failed,0,0,0.0
6gnm,ok,,18,212,246.05282342
6gnp,ok,,10,193,196.920196724
6gnr,ok,,18,205,262.050905272
6gnw,ok,,14,227,253.93042705999997
6gon,ok,,25,221,413.97370257200004
6got,ok,,19,180,293.05442072
6guc,skip,rdkit_parse_failed,0,0,0.0
6gue,ok,,26,214,371.141595912
6guh,ok,,26,222,371.141595912
6guk,ok,,27,200,386.1854479000901
6gvf,ok,,23,206,309.13380810000007
6gvz,ok,,32,144,449.31412347599996
6gw4,ok,,32,142,449.31412347599996
6gwe,skip,rdkit_parse_failed,0,0,0.0
6gwr,ok,,41,185,562.2656971761802
6gxb,ok,,29,156,420.146740868
6gxe,ok,,21,166,307.062676896
6gxg,ok,,18,110,260.041962128
6gxq,ok,,34,156,455.220891788
6gzd,ok,,25,192,345.21974947209
6gzm,ok,,25,204,345.21974947209
6h1d,ok,,26,222,385.12886519209013
6h1u,ok,,9,262,134.04478415609
6h29,ok,,11,235,151.063328528
6h2t,ok,,10,258,148.06043422009
6h2z,ok,,24,163,344.1194635
6h33,ok,,25,157,360.11437812
6h34,ok,,26,151,378.12821717209005
6h36,ok,,24,170,344.1194635
6h37,ok,,25,169,360.11437812
6h38,ok,,26,153,378.12821717209005
6h5x,ok,,27,198,408.1177492479999
6h77,ok,,31,170,506.99574546200006
6h8s,ok,,21,195,287.14780765609004
6hai,ok,,62,203,843.2387862440003
6hax,ok,,66,120,920.4287562480899
6hay,ok,,65,133,918.43423555209
6haz,ok,,20,186,272.15058661609
6hd6,ok,,27,186,381.14205358009
6hgf,ok,,26,178,362.20932405999986
6hgg,ok,,26,165,362.20932405999986
6hgi,ok,,25,183,346.2144094399999
6hgj,ok,,26,161,360.1936739959999
6hgr,ok,,23,178,348.04710000600005
6hgs,skip,rdkit_parse_failed,0,0,0.0
6hni,ok,,13,266,182.08116966409
6hoq,ok,,14,226,194.0579088
6hpw,skip,rdkit_parse_failed,0,0,0.0
6hq7,skip,rdkit_parse_failed,0,0,0.0
6hqy,ok,,22,170,294.100442308
6hr2,ok,,66,127,920.4287562480899
6hrq,ok,,23,152,326.08374668799996
6hsh,ok,,29,99,395.21900052409
6ht1,skip,rdkit_parse_failed,0,0,0.0
6htg,ok,,20,170,290.045819892
6hh3,ok,,35,160,543.1000199200898
6hh5,ok,,34,158,527.10510530009
6hhr,ok,,21,215,303.04777577999994
6hk3,ok,,34,188,483.18090076409004
6hk4,ok,,31,194,440.12667411999996
6hke,ok,,9,280,134.021523292
6hlx,ok,,20,247,293.111066568
6hly,ok,,20,238,293.111066568
6hm1,ok,,43,141,622.2697520240001
6hmg,ok,,22,153,322.1496431480899
6hza,ok,,64,119,841.5147227360001
6hzb,ok,,61,114,814.5158511880902
6hzy,ok,,21,185,296.100836232
6i0z,ok,,13,229,217.006119268
6i11,ok,,27,182,358.142975816
6i12,ok,,28,176,392.104003464
6i13,ok,,28,172,392.104003464
6i14,ok,,29,177,426.065031112
6i17,ok,,35,168,511.14105582009
6i18,ok,,34,170,497.12540575609006
6im4,ok,,41,157,588.2922421040902
6ior,ok,,9,247,133.06076856809
6ios,ok,,8,262,116.07060498009
6iou,ok,,7,261,106.04986953609
6ixd,ok,,61,196,872.360104752
6j0g,ok,,15,162,262.00074060400004
6j0o,skip,rdkit_parse_failed,0,0,0.0
6j1l,ok,,38,193,563.1001266599999
6j3o,skip,rdkit_parse_failed,0,0,0.0
6j3p,skip,rdkit_parse_failed,0,0,0.0
6i5g,ok,,23,189,318.21949481999997
6i61,ok,,18,232,242.130679816
6i62,ok,,19,229,315.98246263199997
6i63,ok,,17,228,228.115029752
6i64,ok,,16,233,214.099379688
6i65,ok,,10,231,136.088815004
6i66,ok,,11,226,150.104465068
6i67,ok,,11,236,148.088815004
6i8m,ok,,26,163,356.23325362009
6i8t,ok,,26,155,356.2332536200899
6i8y,ok,,25,154,330.21760355609007
6ibk,ok,,16,196,255.041272756
6ic2,ok,,25,166,436.99171321600016
6idb,ok,,46,101,674.238177124
6idg,ok,,37,163,546.1363089339999
6iez,ok,,31,209,437.202464852
6if0,ok,,31,210,435.186814788
6ift,ok,,27,229,401.16016532009013
6iht,ok,,19,160,300.05912749009
6iiu,ok,,29,228,416.120606372
6j72,skip,rdkit_parse_failed,0,0,0.0
6j7e,ok,,31,181,522.972901842
6j9w,ok,,23,282,342.11621152399994
6j9y,ok,,23,280,342.11621152399994
6jad,ok,,23,279,342.116211524
6jag,ok,,23,279,342.11621152399994
6jam,ok,,23,271,342.11621152399994
6jan,ok,,23,271,342.11621152399994
6jao,ok,,23,266,342.116211524
6jap,ok,,23,268,342.11621152399994
6jfk,skip,rdkit_parse_failed,0,0,0.0
6jof,ok,,28,166,399.17179888018006
6jon,ok,,30,172,491.0008308420001
6jtc,ok,,16,215,226.08223228409
6k04,ok,,29,149,404.1516223520002
6k3l,ok,,25,203,349.06180430399996
6kjd,ok,,30,187,422.26683893599994
6m8q,ok,,33,219,497.1473292281799
6ma2,ok,,37,128,541.0977420759998
6ma3,ok,,42,144,613.118871444
6ma4,ok,,43,146,627.134521508
6ma5,ok,,37,144,541.0977420759998
6maj,ok,,28,211,400.089306244
6md0,ok,,20,192,282.255880328
6md6,ok,,24,126,372.10901796799993
6md8,skip,rdkit_parse_failed,0,0,0.0
6mdu,skip,rdkit_parse_failed,0,0,0.0
6mg5,ok,,17,194,231.125928784
6mh1,ok,,33,166,443.2353995360901
6mh7,ok,,33,160,443.2353995360901
6jaq,ok,,12,262,180.063388104
6jav,ok,,27,148,417.0968928040901
6jaw,ok,,24,160,330.1932455321799
6jay,ok,,31,148,418.164105184
6jb0,ok,,23,273,342.11621152399994
6jb4,ok,,23,273,342.11621152399994
6jbb,ok,,23,269,342.11621152399994
6jbe,ok,,12,268,180.063388104
6jdi,ok,,31,192,522.972901842
6jdl,ok,,31,189,522.972901842
6mlg,ok,,13,249,175.11895214009
6mli,skip,rdkit_parse_failed,0,0,0.0
6mlj,ok,,13,257,175.11895214009
6mll,skip,rdkit_parse_failed,0,0,0.0
6mln,ok,,13,260,175.11895214009
6mlo,ok,,13,254,175.11895214009
6mlp,skip,rdkit_parse_failed,0,0,0.0
6mm2,ok,,31,225,506.99574546200006
6mnc,ok,,20,208,270.161979944
6mnv,ok,,18,216,292.035946878
6n3x,skip,rdkit_parse_failed,0,0,0.0
6n3y,skip,rdkit_parse_failed,0,0,0.0
6n5x,ok,,9,127,134.094294308
6n78,ok,,29,204,418.075657776
6n79,skip,rdkit_parse_failed,0,0,0.0
6n7a,ok,,28,204,396.11015146400007
6n7b,skip,rdkit_parse_failed,0,0,0.0
6n7d,skip,rdkit_parse_failed,0,0,0.0
6n8x,ok,,27,183,371.19573965999996
6n95,ok,,56,150,898.06185630955
6mqc,ok,,52,148,733.42430182409
6mqe,ok,,52,169,733.42430182409
6msy,ok,,45,106,666.2218583640001
6mu3,ok,,45,104,666.221858364
6mub,ok,,56,87,828.2746817840001
6mxc,skip,rdkit_parse_failed,0,0,0.0
6n0j,ok,,31,210,444.105226588
6n0k,ok,,33,209,473.11178918800005
6n3v,skip,rdkit_parse_failed,0,0,0.0
6n3w,skip,rdkit_parse_failed,0,0,0.0
6mj4,ok,,63,188,899.7789339399999
6mj7,ok,,13,123,175.11895214009
6mja,ok,,68,192,961.794584004
6mjf,ok,,26,200,385.12886519209013
6mji,ok,,64,188,911.7789339399998
6mku,ok,,13,256,175.11895214009
6mkw,skip,rdkit_parse_failed,0,0,0.0
6ml9,ok,,13,260,175.11895214009
6mla,ok,,13,255,175.11895214009
6mle,ok,,13,259,175.11895214009
6n9l,ok,,27,191,427.02941494000015
6ncn,ok,,15,156,208.076726096
6nco,ok,,25,149,342.149891036
6ndl,ok,,35,222,526.1892914400001
6ne5,ok,,50,147,711.2379100880003
6nfh,ok,,36,183,489.2244798280901
6nfy,skip,rdkit_parse_failed,0,0,0.0
6nmb,ok,,11,203,158.11755517209
6no9,ok,,32,203,466.16314043609015
6np2,ok,,31,132,452.30568078444986
6nwl,ok,,26,221,362.20932405999986
6nxz,ok,,8,186,120.078644244
6ny0,ok,,8,183,120.078644244
6nyv,skip,rdkit_parse_failed,0,0,0.0
6nzv,ok,,58,118,832.3641047480002
6o0k,skip,rdkit_parse_failed,0,0,0.0
6o0m,skip,rdkit_parse_failed,0,0,0.0
6o0o,ok,,53,113,711.31771151609
6o0p,skip,rdkit_parse_failed,0,0,0.0
6o48,ok,,60,193,833.5476110721801
6np3,ok,,31,130,454.3213308484499
6np4,ok,,32,129,472.29551002444987
6np5,ok,,33,134,488.2904246444498
6nsv,skip,rdkit_parse_failed,0,0,0.0
6nu1,ok,,7,239,122.02702591609
6nu5,ok,,7,244,122.02702591609
6nv7,ok,,42,177,601.34181808809
6nv9,ok,,44,177,629.3731182160901
6nw3,ok,,43,179,613.3782035960901
6nwk,ok,,28,221,392.1999022479999
6o5a,ok,,55,206,770.52468455609
6o5g,skip,rdkit_parse_failed,0,0,0.0
6o5t,ok,,18,169,394.85576856600005
6o5u,ok,,33,137,488.26716378035974
6o5x,ok,,60,210,833.5476110721801
6o94,ok,,36,214,490.24408682000006
6o95,ok,,30,217,409.1750042160001
6o9c,ok,,65,142,922.5112851401801
6odz,ok,,25,161,366.09979067599994
6oe0,ok,,27,163,394.1310908039998
6oe1,ok,,26,149,380.1154407399998
6of5,ok,,28,142,404.2116461659999
6oja,ok,,9,262,150.05832604409
6olx,ok,,27,178,371.19573965999996
6om8,ok,,34,176,536.044455884
6ooy,ok,,20,227,266.141913196
6oqb,ok,,41,162,598.226821028
6oqc,ok,,40,162,584.211170964
6oqd,ok,,40,164,586.2268210279999
6orr,ok,,37,222,510.20955803609
6p88,ok,,27,182,364.10592161199986
6p89,ok,,28,158,377.137556088
6p8a,ok,,29,151,397.2346505880901
6p9e,ok,,35,130,469.200156344
6pg3,skip,rdkit_parse_failed,0,0,0.0
6pg4,skip,rdkit_parse_failed,0,0,0.0
6pg5,skip,rdkit_parse_failed,0,0,0.0
6pg6,skip,rdkit_parse_failed,0,0,0.0
6pg7,skip,rdkit_parse_failed,0,0,0.0
6pg8,skip,rdkit_parse_failed,0,0,0.0
6pg9,skip,rdkit_parse_failed,0,0,0.0
6pga,skip,rdkit_parse_failed,0,0,0.0
6pgb,skip,rdkit_parse_failed,0,0,0.0
6pgc,skip,rdkit_parse_failed,0,0,0.0
6pge,skip,rdkit_parse_failed,0,0,0.0
6phx,ok,,34,194,504.1690349439998
6pi5,skip,rdkit_parse_failed,0,0,0.0
6pi6,ok,,14,254,197.12766009999999
6pia,ok,,14,221,205.17792981617998
6pid,ok,,12,223,175.14410426809
6otg,ok,,41,203,592.26871272409
6ouv,ok,,34,213,564.0609885739999
6p3t,ok,,27,180,381.07832696
6p3v,ok,,23,183,334.14962131209006
6p5o,ok,,14,211,213.009578704
6p83,ok,,30,168,417.12440456
6p84,ok,,28,168,389.119797848
6p85,ok,,25,168,358.1099614359999
6p86,ok,,35,159,474.263090948
6p87,skip,rdkit_parse_failed,0,0,0.0
6py0,ok,,21,195,288.245315644
6q3q,ok,,61,85,895.3946007121802
6q3y,ok,,38,133,515.31290090809
6q3z,ok,,38,133,535.28497190809
6q4e,skip,rdkit_parse_failed,0,0,0.0
6q4g,skip,rdkit_parse_failed,0,0,0.0
6q54,ok,,14,247,201.09821669609
6q60,ok,,13,243,187.08256663209
6qas,ok,,34,169,474.19910870000007
6qau,ok,,34,197,463.28160078009
6pl1,ok,,33,212,492.0650003800001
6plf,skip,rdkit_parse_failed,0,0,0.0
6poi,ok,,20,152,268.073558864
6ppy,ok,,22,236,324.1168802199999
6prf,ok,,48,193,706.2306480600002
6pu3,ok,,25,165,365.16669018009
6pve,ok,,38,222,530.2590336481801
6pvv,ok,,39,104,666.928406506
6pvw,ok,,38,112,648.9178418219997
6pvz,ok,,20,151,266.09429430800003
6qav,ok,,32,202,433.27103609609003
6qe0,ok,,47,154,662.2873736361805
6qe5,ok,,26,238,385.12886519209013
6qge,ok,,39,147,560.165345372
6qgf,ok,,39,139,560.165345372
6qgg,ok,,60,174,872.27817042818
6qgh,ok,,65,169,975.3100627241802
6qi4,skip,rdkit_parse_failed,0,0,0.0
6qi7,ok,,18,197,256.240230264
6ql1,ok,,23,208,367.00723140800005
6qmk,ok,,38,181,536.172955616
6qpl,ok,,25,149,344.23215646026995
6qqq,skip,rdkit_parse_failed,0,0,0.0
6qqu,skip,rdkit_parse_failed,0,0,0.0
6qqv,skip,rdkit_parse_failed,0,0,0.0
6qqw,skip,rdkit_parse_failed,0,0,0.0
6qqz,skip,rdkit_parse_failed,0,0,0.0
6qr0,skip,rdkit_parse_failed,0,0,0.0
6qr1,skip,rdkit_parse_failed,0,0,0.0
6qr2,skip,rdkit_parse_failed,0,0,0.0
6qr3,skip,rdkit_parse_failed,0,0,0.0
6qr4,skip,rdkit_parse_failed,0,0,0.0
6qr7,skip,rdkit_parse_failed,0,0,0.0
6qr9,skip,rdkit_parse_failed,0,0,0.0
6qrc,skip,rdkit_parse_failed,0,0,0.0
6quv,ok,,26,141,348.20703887209
6qz5,skip,rdkit_parse_failed,0,0,0.0
6r0v,ok,,22,175,307.044049628
6r11,ok,,19,171,259.059305768
6r13,ok,,18,187,246.100442308
6ql2,ok,,16,211,258.01328418
6qln,ok,,30,141,431.13150540399994
6qlo,ok,,31,148,449.12208359199997
6qlp,ok,,32,141,467.11266177999994
6qlq,ok,,30,138,431.13150540399994
6qlr,ok,,31,144,449.12208359199997
6qls,ok,,33,128,485.1468004439998
6qlt,ok,,30,135,431.13150540399994
6qlu,ok,,31,147,445.14715546799994
6qmj,ok,,36,182,508.17804099600005
6r18,ok,,20,181,278.11353241208997
6r1a,ok,,18,158,256.12918247609
6r1b,ok,,16,227,258.11010044209
6r1d,ok,,18,195,248.079706864
6r1w,ok,,20,161,284.16048260408996
6r4k,ok,,29,148,393.21135518418
6r8l,ok,,35,173,496.21442650399996
6r8o,ok,,35,170,496.21442650399996
6r8w,ok,,31,177,425.19507096399997
6r9u,ok,,18,186,248.116092372
6r9x,ok,,18,173,247.132076784
6rfn,ok,,35,150,471.215806408
6rfw,ok,,36,149,487.22712003999993
6rih,ok,,18,162,241.1215121
6rnt,ok,,23,195,347.0630844180001
6rot,ok,,32,163,479.12816961199997
6rtw,ok,,35,182,486.3709100799999
6s4n,ok,,35,208,518.139068644
6s4t,ok,,39,197,527.1708282879999
6s56,ok,,33,136,490.107768516
6s57,ok,,30,171,436.178040996
6s5k,ok,,32,202,424.21507813599993
6sbt,ok,,30,141,415.089223904
6sge,skip,rdkit_parse_failed,0,0,0.0
6ssy,ok,,7,266,126.03145619809
6st0,ok,,11,268,183.04340425209
6std,ok,,21,382,410.94621721199997
6stl,ok,,7,263,126.02194053609
6szp,ok,,13,241,194.20846713235997
6t1i,ok,,27,146,368.1848406280001
6t1j,ok,,29,137,413.20057358809004
6t1l,ok,,28,134,383.2553860320901
6t1m,skip,rdkit_parse_failed,0,0,0.0
6t1n,skip,rdkit_parse_failed,0,0,0.0
6t1o,skip,rdkit_parse_failed,0,0,0.0
6u5y,ok,,30,146,512.9760814239999
6u6w,ok,,21,150,390.92806861200006
6u8b,ok,,24,146,434.9178978519999
6u8o,ok,,25,151,421.99359006
6ud2,ok,,56,142,820.3316805760901
6upj,ok,,22,322,298.15689456399997
7std,ok,,20,381,333.045397236
7upj,ok,,34,322,479.17664402799994
8a3h,skip,rdkit_parse_failed,0,0,0.0
8cpa,ok,,32,297,464.1348523899999
966c,ok,,27,278,391.108958392
index,skip,no_protein_pdb,0,0,0.0
readme,skip,no_protein_pdb,0,0,0.0
6udi,ok,,49,151,714.285398524
6udt,ok,,42,159,594.249664648
6udu,ok,,38,165,538.2234498999999
6udv,ok,,41,161,598.2268210279999
6ueg,ok,,22,209,324.07799261199995
6ugn,ok,,15,219,226.04121318
6ugp,ok,,14,234,231.97094069999997
6ugr,ok,,14,233,216.00049124
6ugz,ok,,14,233,216.00049124
6uh0,ok,,14,234,212.025563116
